BOWENFELS,2790
KIAMA DOWNS,2533
BROKEN HILL,2880
LIGHTNING RIDGE,2834
YASS,2582
CANOWINDRA,2804
MCDOUGALLS HILL,2330
BOMBOWLEE,2720
JUNEE,2663
HUNTERS HILL,2110
BUGALDIE,2357
NORTH BOURKE,2840
COONAMBLE,2829
ARMIDALE,2350
NARRABRI,2390
GREENWICH,2065
INVERELL,2360
GUNNEDAH,2380
NORTH SYDNEY,2060
TOCUMWAL,2714
MOREE,2400
NEWNES,2790
CULCAIRN,2660
CASINO,2470
LOWER CREEK,2440
URALLA,2358
KIAMA,2533
PORTERS RETREAT,2787
MACKSVILLE,2447
YOUNG,2594
MUSWELLBROOK,2333
MOAMA,2731
LONGUEVILLE,2066
LITHGOW,2790
COWRA,2794
MOSMAN,2088
DUNGOG,2420
BURWOOD,2134
CROYDON,2132
GUYRA,2365
PANGEE,2825
YOOGALI,2680
HANWOOD,2680
SCONE,2337
DENILIQUIN,2710
BARREN GROUNDS,2577
COOMEALLA,2717
COOTAMUNDRA,2590
BRONTE,2024
BLAYNEY,2799
DORRIGO,2453
BLACKMANS FLAT,2790
EVANS HEAD,2473
COLEAMBALLY,2707
BULGA,2330
STRATHFIELD,2135
TEMORA,2666
NEUTRAL BAY,2089
MCMAHONS POINT,2060
BOGGABRI,2382
MILSONS POINT,2061
FORBES,2871
SINGLETON,2330
ERIGOLIA,2669
WEILMORINGLE,2839
COROWA,2646
BONDI JUNCTION,2022
LANE COVE,2066
MOOMBOOLDOOL,2665
MOUNT THORLEY,2330
MATHOURA,2710
HOMEBUSH,2140
GRIFFITH,2680
NAMBUCCA HEADS,2448
JENOLAN,2790
WHITTON,2705
CATTLE CREEK,2339
WEST WYALONG,2671
CABRAMURRA,2630
WYALONG,2671
LEETON,2705
LANE COVE NORTH,2066
CUMBORAH,2832
BENDOLBA,2420
CAMMERAY,2062
KIRRIBILLI,2061
LANE COVE WEST,2066
WAVERLEY,2024
NORTH BONDI,2026
PORTLAND,2847
JERILDERIE,2716
GERRINGONG,2534
PATERSON,2421
GERROA,2534
WOOLWICH,2110
MURRUMBURRAH,2587
BURRINJUCK,2582
MOLONG,2866
MUNGINDI,2406
MURRAY DOWNS,2734
MOULAMEIN,2733
CLARENCE TOWN,2321
EUSTON,2737
BARHAM,2732
RAVENSWOOD,2824
TABBITA,2652
TUMUT,2720
ST LEONARDS,2065
BAROOGA,3644
WOLGAN VALLEY,2790
MATONG,2652
SPEEWA,2735
WARREN,2824
GLEN INNES,2370
NARRANDERA,2700
HARDEN,2587
CULLEN BULLEN,2790
GOL GOL,2738
HOLBROOK,2644
BONDI BEACH,2026
TALBINGO,2720
BURONGA,2739
FOXGROUND,2534
HOWLONG,2643
BIGGA,2583
RIVERVIEW,2066
WALCHA,2354
ECHUCA,3564
NYNGAN,2825
COONABARABRAN,2357
BONDI,2026
WALGETT,2832
QUEENS PARK,2022
WENTWORTH,2648
PARKES,2870
DOONBAH,2473
GOWRIE,2330
GONN,2732
SOUTH GUNDAGAI,2722
SCOTTS HEAD,2447
SINGLETON MILITARY AREA,2331
GRENFELL,2810
BEN BULLEN,2790
THARBOGANG,2680
NORTHWOOD,2066
BILLIMARI,2804
BOMBO,2533
MYALL PARK,2681
CARCOAR,2791
GREENACRE,2190
UNGARIE,2669
MULWALA,2647
VALLA BEACH,2448
WAKOOL,2710
NIANGALA,2354
QUIRINDI,2343
GILLENBAH,2700
ABERDEEN,2336
WILLOW TREE,2339
GRAWIN,2832
HAY SOUTH,2711
CROYDON PARK,2133
MERRIWA,2329
TUMBARUMBA,2653
WAVERTON,2060
BECKOM,2665
GILGANDRA,2827
KOORAWATHA,2807
TOOLEYBUC,2736
HOMEBUSH WEST,2140
JEOGLA,2350
COOLAC,2727
KIAMA HEIGHTS,2533
BLOWERING,2720
STRATHFIELD SOUTH,2136
WILCANNIA,2836
LAVENDER BAY,2060
COBAR,2835
COBRAMUNGA,2732
MINNAMURRA,2533
GARLAND VALLEY,2330
RYDAL,2790
MARRANGAROO,2790
TULLAMORE,2874
HOWES VALLEY,2330
CULMARAN CREEK,2469
JERRYS PLAINS,2330
CREMORNE,2090
OBERON,2787
CUDAL,2864
GLADESVILLE,2111
EDEN CREEK,2474
WALLERAWANG,2845
GLENBAWN,2337
JAMBEROO,2533
BOWNA,2644
LOUTH,2840
COLLARENEBRI,2833
KYOGLE,2474
HENTY,2658
BELFORD,2335
ARDGLEN,2338
MORUNDAH,2700
COOLAMON,2701
CROOKWELL,2583
BURWOOD HEIGHTS,2136
KAMARAH,2665
MURRAMI,2705
CROWS NEST,2065
RED HILL,2720
NORTH MACKSVILLE,2447
WERRIS CREEK,2341
CONGARINNI NORTH,2447
LIDDELL,2333
DOVER HEIGHTS,2030
HEBDEN,2330
CHATHAM VALLEY,2787
LAKE WYANGAN,2680
SODWALLS,2790
NARROMINE,2821
WOLLSTONECRAFT,2065
TULLIBIGEAL,2669
DRY CREEK,2337
ESSINGTON,2787
MURRURUNDI,2338
CASCADE,2453
BOGAN GATE,2876
BOOKHAM,2582
GUMMA,2447
COOLAH,2843
KINGS PLAINS,2799
LIDSTER,2800
SANDY HOLLOW,2333
TOMALLA,2337
NEVERTIRE,2826
CURBAN,2827
OAKY PARK,2790
BROKE,2330
HARTLEY,2790
BOOMI CREEK,2476
COLLENDINA,2646
SUTTON,2620
TINGHA,2369
WEE WAA,2388
JAUNTER,2787
LIDSDALE,2790
GANMAIN,2702
YELLOW ROCK,2527
PEAK HILL,2869
WOODENBONG,2476
KURRABA POINT,2089
MAUDE,2711
CARINDA,2831
HILLSTON,2675
CARGO,2800
CUMNOCK,2867
LOCKHART,2656
CAMBERWELL,2330
MARRAR,2652
MOUNT WERONG,2787
BREWARRINA,2839
MOZART,2787
ALISON,2420
ARDLETHAN,2665
ROSE BAY,2029
HAMPTON,2790
TRUNDLE,2875
CASSILIS,2329
DARLINGTON POINT,2706
VAUCLUSE,2030
ROSEWOOD,2652
BRINERVILLE,2454
GUNDAGAI,2722
THE ROCK,2655
GOOLGOWI,2652
EDENVILLE,2474
YANCO,2703
RUFUS,2648
NEVILLE,2799
TRANGIE,2823
URBENVILLE,2475
KENNAICLE CREEK,2449
WEE JASPER,2582
DARBALARA,2722
ROSEBERG,2793
SINGLETON HEIGHTS,2330
TERRY HIE HIE,2400
EBOR,2453
GOODNIGHT,2736
EAST GRESFORD,2311
GLEN DAVIS,2846
YEOVAL,2868
BONALBO,2469
SPRING RIDGE,2343
YERONG CREEK,2642
FERN GULLY,2330
YENDA,2681
HAY,2711
HAREFIELD,2650
WARRAWIDGEE,2680
COOKAMIDGERA,2870
MARAGLE,2653
SOUTH ARM,2449
SADDLEBACK MOUNTAIN,2533
WIRRINYA,2871
WALLAROBBA,2420
REDBOURNBERRY,2330
GUNDAROO,2620
DUNEDOO,2844
BOOLIGAL,2711
ARKSTONE,2795
CORNEY TOWN,2790
FINLEY,2713
BOREE CREEK,2652
BURRAGA,2795
QUANDARY,2665
JERRARA,2533
BANDON GROVE,2420
IVANHOE,2878
MIANDETTA,2825
TUMORRAMA,2720
RANKINS SPRINGS,2669
BERRIGAL,2390
BINALONG,2584
CLIFTON GROVE,2800
CANOBOLAS,2800
BOURKE,2840
COMBANING,2666
BORENORE,2800
BOOROWA,2586
HUNTLEYS POINT,2111
LANDERVALE,2652
TARANA,2787
MANILDRA,2865
MELLOOL,2734
VALE OF CLWYDD,2790
ADJUNGBILLY,2727
CUDGEL,2700
BLACK SPRINGS,2787
MENINDEE,2879
ELONG ELONG,2831
UPPER KANGAROO VALLEY,2577
EUGOWRA,2806
DARK CORNER,2795
WIARBOROUGH,2580
WILLOW VALE,2534
MYLESTOM,2454
KORALEIGH,2735
CALIMO,2710
CORAKI,2471
CHICHESTER,2420
DENMAN,2328
MANNUS,2653
NORTH STRATHFIELD,2137
WAUGORAH,2711
TARALGA,2580
NANGUS,2722
NASHDALE,2800
COPPABELLA,2644
HERMIDALE,2831
BROADWATER,2472
BATHURST,2795
MARTINS CREEK,2420
BELLINGEN,2454
WOODSTOCK,2793
LANKEYS CREEK,2644
CANOWINDRA,2864
URUNGA,2455
GOGELDRIE,2705
NURENMERENMONG,2649
YABBRA,2469
DOUBTFUL CREEK,2470
LEWIS PONDS,2800
BELFIELD,2191
HUNTLEYS COVE,2111
SMITHS CREEK,2474
BOWNING,2582
RALEIGH,2454
CARAGABAL,2810
STRATHEDEN,2470
OPHIR,2800
TOOTOOL,2655
HYLAND PARK,2448
STANBRIDGE,2705
BATLOW,2730
VALLA,2448
TABBIL CREEK,2420
DEEP CREEK,2469
GLENDON BROOK,2330
CAPERTEE,2846
GEROGERY,2642
BOWRAVILLE,2449
SOUTH BOWENFELS,2790
TOTTENHAM,2873
CLARENCE,2790
NORWAY,2787
BROUGHTON VILLAGE,2534
WAUGOOLA,2794
BALRANALD,2715
MURRUMBATEMAN,2582
PAYNES CROSSING,2325
CARABOST,2650
NEWEE CREEK,2447
GLEN OAK,2320
CARRATHOOL,2711
BROGERS CREEK,2535
ELLERSLIE,2729
WYANGALA,2808
BUNDARRA,2359
BEARBONG,2827
WATTAMONDARA,2794
GOOLOOGONG,2805
TABLE TOP,2640
MERRYGOEN,2831
GRONG GRONG,2652
HOPEFIELD,2646
BOBADAH,2877
MAISON DIEU,2330
YANGA,2711
MUTTAMA,2722
MYRTLE CREEK,2469
FAIRHOLME,2871
PINKETT,2370
LAKE CARGELLIGO,2672
WARKWORTH,2330
BUDDEROO,2535
MOUNT LAMBIE,2790
JUGIONG,2726
KANANGRA,2787
BANGO,2582
CONDOBOLIN,2877
BUSBYS FLAT,2469
GUNNING,2581
EMU SWAMP,2800
TRIANGLE FLAT,2795
TILPA,2840
JERRONG,2580
DAIRY FLAT,2474
GWABEGAR,2356
MALLAN,2734
PEACOCK CREEK,2469
GARLAND,2797
CORBIE HILL,2705
WEREBOLDERA,2720
MARSHDALE,2420
DURAL,2330
WARRELL CREEK,2447
BRANXTON,2335
WOMBOOTA,2731
BLANDFORD,2338
GIRRALONG,2449
HUNTERVIEW,2330
TABULAM,2469
WATTLEPONDS,2330
KNIGHTS HILL,2577
CABRAMURRA,2629
WANTAGONG,2644
VACY,2421
WOODBURN,2472
WHITTINGHAM,2330
GILGUNNIA,2835
WARIALDA,2402
BACK CREEK,2671
BORA RIDGE,2471
KHANCOBAN,2642
NERICON,2680
HARTLEY VALE,2790
GOOLHI,2379
BURCHER,2671
BALD RIDGE,2795
COLLECTOR,2581
HENLEY,2111
YARRABANDAI,2875
ARIAH PARK,2665
OOTHA,2875
BERRIGAN,2712
MOUNT ADRAH,2729
BARADINE,2396
HUMULA,2652
GUYONG,2798
BLACKVILLE,2343
BINIGUY,2399
WARBURN,2680
PAGES RIVER,2338
PILLIGA,2388
BREELONG,2827
CAPOOMPETA,2371
WOOLGARLO,2582
MOGGS SWAMP,2370
ENNGONIA,2840
DUCK CREEK,2469
PUTTY,2330
MALLANGANEE,2469
STOCKINBINGAL,2725
RINGWOOD,2646
WERRI BEACH,2534
BURRANGONG,2594
GREENWICH PARK,2580
GINGKIN,2787
QUIPOLLY,2343
EUROLEY,2700
REPTON,2454
ISABELLA,2795
WYMAH,2640
KIPPENDUFF,2469
GLENIFFER,2454
HAZELGROVE,2787
URANA,2645
CADIA,2800
NARRAN LAKE,2839
GREENLANDS,2330
STEWARTS BROOK,2337
WINGEN,2337
THE PILLIGA,2388
ARGENTS HILL,2449
JUDDS CREEK,2795
ILLABO,2590
BEELBANGERA,2680
BINGARA,2404
MCKELLARS PARK,2790
NEVERTIRE,2831
BETHUNGRA,2590
SPRINGDALE,2666
NEVER NEVER,2453
TALMALMO,2640
MOONAN BROOK,2337
LITTLE HARTLEY,2790
THE GAP,2472
CALDWELL,2710
UPPER DARTBROOK,2336
NARANGULLEN,2582
TUENA,2583
WALLABADAH,2343
BULLATALE,2710
ADELONG,2729
DOYLES CREEK,2330
GRESFORD,2311
NEW PARK,2474
FERNMOUNT,2454
BEN LOMOND,2365
SEGENHOE,2337
CUNNINYEUK,2734
BOSTOBRICK,2453
LOWER BOTTLE CREEK,2469
LOWER LEWIS PONDS,2800
TOOMA,2642
REEFTON,2666
SPRINGVALE,2790
ASHLEY,2400
GREEN HILLS,2730
TUMBLONG,2729
OLD JUNEE,2652
DEEPWATER,2371
THE MEADOWS,2787
NORTH RYDE,2113
RYDE,2112
PUTNEY,2112
MARSFIELD,2122
MACQUARIE PARK,2113
WEST RYDE,2114
CHATSWOOD WEST,2067
EASTWOOD,2122
MELROSE PARK,2114
TENNYSON POINT,2111
DENISTONE EAST,2112
MEADOWBANK,2114
EAST RYDE,2113
DENISTONE,2114
DENISTONE WEST,2114
BYRON BAY,2481
MAIN ARM,2482
SKINNERS SHOOT,2481
MULLUMBIMBY,2482
NEW BRIGHTON,2483
GOONENGERRY,2482
MULLUMBIMBY CREEK,2482
UPPER WILSONS CREEK,2482
SUFFOLK PARK,2481
WILSONS CREEK,2482
UPPER MAIN ARM,2482
BANGALOW,2479
SOUTH GOLDEN BEACH,2483
OCEAN SHORES,2483
MCLEODS SHOOT,2479
BROKEN HEAD,2481
TYAGARAH,2481
BRUNSWICK HEADS,2483
BILLINUDGEL,2483
COORABELL,2479
KOONYUM RANGE,2482
WANGANUI,2482
HUONBROOK,2482
COOPERS SHOOT,2479
MONTECOLLUM,2482
THE POCKET,2483
MIDDLE POCKET,2483
PALMWOODS,2482
EWINGSDALE,2481
YELGUN,2483
BOOYONG,2480
HAYTERS HILL,2481
WOOYUNG,2483
CLUNES,2480
MYOCUM,2481
TALOFA,2481
EUREKA,2480
CHINDERAH,2487
SOUTH MURWILLUMBAH,2484
TWEED HEADS SOUTH,2486
TWEED HEADS,2485
ROUND MOUNTAIN,2484
MURWILLUMBAH,2484
POTTSVILLE,2489
BANORA POINT,2486
TYGALGAH,2484
DUNGAY,2484
EVIRON,2484
MOUNT WARNING,2484
CUDGEN,2487
CASUARINA,2487
TERRANORA,2486
CABARITA BEACH,2488
CONDONG,2484
CHILLINGHAM,2484
HASTINGS POINT,2489
TOMEWIN,2484
TWEED HEADS WEST,2485
BILAMBIL HEIGHTS,2486
TANGLEWOOD,2488
NORTH TUMBULGUM,2490
KINGS FOREST,2487
KINGSCLIFF,2487
STOTTS CREEK,2487
BOGANGAR,2488
MIDGINBIL,2484
CEDAR CREEK,2484
DUM DUM,2484
MOOBALL,2483
FINGAL HEAD,2487
BYANGUM,2484
BILAMBIL,2486
BRAY PARK,2484
ZARA,2484
SLEEPY HOLLOW,2483
COBAKI LAKES,2486
GLENGARRIE,2486
DURANBAH,2487
TERRAGON,2484
EUNGELLA,2484
UPPER CRYSTAL CREEK,2484
URLIUP,2484
BYRRILL CREEK,2484
TYALGUM,2484
DULGUIGAN,2484
PIGGABEEN,2486
UPPER BURRINGBAR,2483
DOON DOON,2484
UKI,2484
NUMINBAH,2484
SMITHS CREEK,2484
BUNGALORA,2486
CLOTHIERS CREEK,2484
COBAKI,2486
UPPER DUROBY,2486
TUMBULGUM,2490
ALBURY,2640
NORTH ALBURY,2640
EAST ALBURY,2640
THURGOONA,2640
SPLITTERS CREEK,2640
WEST ALBURY,2640
LAVINGTON,2641
HAMILTON VALLEY,2641
ETTAMOGAH,2640
GLENROY,2640
SPRINGDALE HEIGHTS,2641
WIRLINGA,2640
SOUTH ALBURY,2640
LAKE HUME VILLAGE,3691
LEPPINGTON,2179
ELDERSLIE,2570
GLEDSWOOD HILLS,2557
CAMDEN,2570
SPRING FARM,2570
CATHERINE FIELD,2557
NARELLAN,2567
SMEATON GRANGE,2567
GREGORY HILLS,2557
HARRINGTON PARK,2567
CURRANS HILL,2567
ORAN PARK,2570
COBBITTY,2570
BRINGELLY,2556
ROSSMORE,2557
MOUNT ANNAN,2567
CAWDOR,2570
GRASMERE,2570
ELLIS LANE,2570
KIRKHAM,2570
CAMDEN SOUTH,2570
NARELLAN VALE,2567
ORANGE,2800
SPRING HILL,2800
HUNTLEY,2800
SPRING CREEK,2800
BAGOTVILLE,2477
NEWRYBAR,2479
ALSTONVILLE,2477
KNOCKROW,2479
WOLLONGBAR,2477
BALLINA,2478
LENNOX HEAD,2478
WEST BALLINA,2478
EAST BALLINA,2478
BROOKLET,2479
EMPIRE VALE,2478
SKENNARS HEAD,2478
TEVEN,2478
DALWOOD,2477
WARDELL,2477
PIMLICO,2478
MCLEANS RIDGES,2480
KEITH HALL,2478
ROUS,2477
SOUTH BALLINA,2478
PATCHS BEACH,2478
CUMBALUM,2478
URALBA,2477
FERNLEIGH,2479
COOLGARDIE,2478
GOAT ISLAND,2477
TINTENBAR,2478
MEERSCHAUM VALE,2477
TUCKOMBIL,2477
EAST WARDELL,2477
ALSTONVALE,2477
LYNWOOD,2477
TURRELLA,2205
SANS SOUCI,2219
BANKSIA,2216
HILLSDALE,2036
MASCOT,2020
BRIGHTON-LE-SANDS,2216
ROSEBERY,2018
ARNCLIFFE,2205
BARDWELL PARK,2207
BEXLEY,2207
RAMSGATE,2217
ROCKDALE,2216
BOTANY,2019
WOLLI CREEK,2205
KOGARAH,2217
PAGEWOOD,2035
BANKSMEADOW,2019
KINGSGROVE,2208
CARLTON,2218
KYEEMAGH,2216
EASTLAKES,2018
DACEYVILLE,2032
EASTGARDENS,2036
SANDRINGHAM,2219
BARDWELL VALLEY,2207
MONTEREY,2217
PORT BOTANY,2036
BEXLEY NORTH,2207
HORNSBY,2077
WAITARA,2077
BROOKLYN,2083
PENNANT HILLS,2120
MOUNT COLAH,2079
WISEMANS FERRY,2775
THORNLEIGH,2120
ASQUITH,2077
NORTH EPPING,2121
WEST PENNANT HILLS,2125
MILSONS PASSAGE,2083
CANOELANDS,2157
LAUGHTONDALE,2775
SINGLETONS MILL,2775
BEROWRA WATERS,2082
DURAL,2158
WAHROONGA,2076
GALSTON,2159
HORNSBY HEIGHTS,2077
BEROWRA,2081
CHERRYBROOK,2126
COWAN,2081
BEECROFT,2119
NORMANHURST,2076
MOUNT KURING-GAI,2080
HAWKESBURY RIVER,2254
WESTLEIGH,2120
CASTLE HILL,2154
DANGAR ISLAND,2083
FIDDLETOWN,2159
EPPING,2121
CHELTENHAM,2119
GLENORIE,2157
KEMPSEY,2440
WEST KEMPSEY,2440
EAST KEMPSEY,2440
STUARTS POINT,2441
COMARA,2440
CARRAI,2440
SOUTH WEST ROCKS,2431
WITTITRIN,2440
ARAKOON,2431
CRESCENT HEAD,2440
FISHERMANS REACH,2441
SOUTH KEMPSEY,2440
MOPARRABAH,2440
HAT HEAD,2440
BELLBROOK,2440
COLLOMBATTI,2440
DONDINGALONG,2440
YARRAVEL,2440
SMITHTOWN,2440
KUNDABUNG,2441
WILLI WILLI,2440
BARRAGANYATTI,2441
HAMPDEN HALL,2440
SOUTH LISMORE,2480
LISMORE,2480
TUCKURIMBA,2480
NORTH LISMORE,2480
EAST LISMORE,2480
ROSEBANK,2480
GOONELLABAH,2480
CANIABA,2480
TUNTABLE CREEK,2480
LOFTVILLE,2480
DUNOON,2480
REPENTANCE CREEK,2480
DORROUGHBY,2480
LISMORE HEIGHTS,2480
MODANVILLE,2480
BLAKEBROOK,2480
ELTHAM,2480
GOOLMANGAR,2480
WHIAN WHIAN,2480
GREEN FOREST,2471
MONALTRIE,2480
CORNDALE,2480
NIGHTCAP,2480
JIGGI,2480
RICHMOND HILL,2480
LARNOOK,2480
JORDAN SPRINGS,2747
CRANEBROOK,2749
CLAREMONT MEADOWS,2747
ST MARYS,2760
WERRINGTON,2747
PENRITH,2750
JAMISONTOWN,2750
MULGOA,2745
KINGSWOOD,2747
LUDDENHAM,2745
KEMPS CREEK,2178
LEONAY,2750
NORTH ST MARYS,2760
LLANDILO,2747
GLENMORE PARK,2745
CASTLEREAGH,2749
EMU HEIGHTS,2750
AGNES BANKS,2753
ERSKINE PARK,2759
LONDONDERRY,2753
SOUTH PENRITH,2750
ORCHARD HILLS,2748
EMU PLAINS,2750
CADDENS,2747
COLYTON,2760
WALLACIA,2745
REGENTVILLE,2745
BERKSHIRE PARK,2765
ST CLAIR,2759
BADGERYS CREEK,2555
CAMBRIDGE GARDENS,2747
CAMBRIDGE PARK,2747
WERRINGTON COUNTY,2747
ABERDARE,2325
ROTHBURY,2320
POKOLBIN,2320
CESSNOCK,2325
KURRI KURRI,2327
ELLALONG,2325
RICHMOND VALE,2323
WESTON,2326
GRETA,2334
CLIFTLEIGH,2321
BELLBIRD,2325
LAGUNA,2325
STOCKRINGTON,2322
ALLANDALE,2325
ABERMAIN,2326
WOLLOMBI,2325
MULBRING,2323
MILLFIELD,2325
KITCHENER,2325
STANFORD MERTHYR,2327
QUORROBOLONG,2325
BRUNKERVILLE,2323
LOXFORD,2326
BUCHANAN,2323
HEDDON GRETA,2321
NORTH ROTHBURY,2335
SAWYERS GULLY,2326
PELAW MAIN,2327
PAXTON,2325
MOUNT VINCENT,2323
BLACK HILL,2322
THORNTON,2322
RUTHERFORD,2320
SOUTH MAITLAND,2320
WOODBERRY,2322
EAST MAITLAND,2323
MORPETH,2321
LORN,2320
ABERGLASSLYN,2320
MAITLAND,2320
TELARAH,2320
GILLIESTON HEIGHTS,2321
TENAMBIT,2323
OAKHAMPTON,2320
METFORD,2323
CHISHOLM,2322
BOLWARRA,2320
HORSESHOE BEND,2320
LARGS,2320
LOCHINVAR,2321
HARPERS HILL,2321
ASHTONFIELD,2323
BOLWARRA HEIGHTS,2320
CLOVELLY,2031
MAROUBRA,2035
RANDWICK,2031
MALABAR,2036
MATRAVILLE,2036
PHILLIP BAY,2036
COOGEE,2034
LA PEROUSE,2036
KINGSFORD,2032
KENSINGTON,2033
CHIFLEY,2036
LITTLE BAY,2036
SOUTH COOGEE,2034
CENTENNIAL PARK,2021
KELLYVILLE RIDGE,2155
ROPES CROSSING,2760
MARSDEN PARK,2765
RIVERSTONE,2765
MINCHINBURY,2770
PLUMPTON,2761
BLACKTOWN,2148
ROUSE HILL,2155
SEVEN HILLS,2147
HUNTINGWOOD,2148
SCHOFIELDS,2762
ARNDELL PARK,2148
MOUNT DRUITT,2770
DOONSIDE,2767
HASSALL GROVE,2761
DHARRUK,2770
GLENWOOD,2768
KINGS PARK,2148
ACACIA GARDENS,2763
QUAKERS HILL,2763
LALOR PARK,2147
ROOTY HILL,2766
LETHBRIDGE PARK,2770
GRANTHAM FARM,2765
COLEBEE,2761
VINEYARD,2765
GLENDENNING,2761
WHALAN,2770
PROSPECT,2148
HEBERSHAM,2770
BLACKETT,2770
EASTERN CREEK,2766
TREGEAR,2770
MARAYONG,2148
BIDWILL,2770
THE PONDS,2769
SHALVEY,2770
STANHOPE GARDENS,2768
WOODCROFT,2767
DEAN PARK,2761
TOONGABBIE,2146
PARKLEA,2768
OAKHURST,2761
SHANES PARK,2747
EMERTON,2770
KINGS LANGLEY,2147
WILLMOT,2770
BONNYRIGG HEIGHTS,2177
CANLEY VALE,2166
WETHERILL PARK,2164
BONNYRIGG,2177
LANSVALE,2166
YENNORA,2161
EDENSOR PARK,2176
FAIRFIELD EAST,2165
MOUNT PRITCHARD,2170
ST JOHNS PARK,2176
CABRAMATTA,2166
PRAIRIEWOOD,2176
BOSSLEY PARK,2176
HORSLEY PARK,2175
FAIRFIELD,2165
ABBOTSBURY,2176
CARRAMAR,2163
WAKELEY,2176
CECIL PARK,2178
GREENFIELD PARK,2176
VILLAWOOD,2163
CANLEY HEIGHTS,2166
FAIRFIELD WEST,2165
SMITHFIELD,2164
OLD GUILDFORD,2161
FAIRFIELD HEIGHTS,2165
CABRAMATTA WEST,2166
PLEASURE POINT,2172
MOOREBANK,2170
WEST HOXTON,2171
PRESTONS,2170
HECKENBERG,2168
CHIPPING NORTON,2170
CASULA,2170
EDMONDSON PARK,2174
HOLSWORTHY,2173
HORNINGSEA PARK,2171
AUSTRAL,2179
LIVERPOOL,2170
MIDDLETON GRANGE,2171
HOXTON PARK,2171
WARWICK FARM,2170
GREEN VALLEY,2168
LEN WATERS ESTATE,2171
HINCHINBROOK,2168
LURNEA,2170
GREENDALE,2745
HAMMONDVILLE,2170
CECIL HILLS,2171
DENHAM COURT,2565
VOYAGER POINT,2172
CARTWRIGHT,2168
ASHCROFT,2168
WATTLE GROVE,2173
CARNES HILL,2171
ELIZABETH HILLS,2171
SADLEIR,2168
INGLEBURN,2565
NERONG,2423
BLUEYS BEACH,2428
TAREE,2430
TEA GARDENS,2324
WINGHAM,2429
FORSTER,2428
GLOUCESTER,2422
OLD BAR,2430
TUNCURRY,2428
DIAMOND BEACH,2430
MOUNT GEORGE,2424
SHALLOW BAY,2428
HARRINGTON,2427
BULAHDELAH,2423
WALLINGAT,2428
CORALVILLE,2443
WINGHAM,2430
BLACK HEAD,2430
WALLIS LAKE,2428
BOOMERANG BEACH,2428
HAWKS NEST,2324
GREEN POINT,2428
CUNDLETOWN,2430
TAREE SOUTH,2430
COOPERNOOK,2426
WALLABI POINT,2430
CROWDY HEAD,2427
CHARLOTTE BAY,2428
NABIAC,2312
BOOLAMBAYTE,2423
DARAWANK,2428
ELIZABETH BEACH,2428
COOMBA PARK,2428
KILLABAKH,2429
BOHNOCK,2430
COOLONGOLOOK,2423
MANNING POINT,2430
MOORLAND,2443
BUNGWAHL,2423
COOMBA BAY,2428
TINONEE,2430
KIWARRAK,2430
PAMPOOLAH,2430
BRIMBIN,2430
MINIMBAH,2312
NUMBER ONE,2424
WANG WAUK,2423
MITCHELLS ISLAND,2430
OXLEY ISLAND,2430
FORBESDALE,2422
BAXTERS RIDGE,2422
CROKI,2430
SMITHS LAKE,2428
WAUKIVORY,2422
RED HEAD,2430
BOOTAWA,2430
COOPLACURRIPA,2424
HALLIDAYS POINT,2430
ELANDS,2429
TALLWOODS VILLAGE,2430
BOOTI BOOTI,2428
SALTWATER,2430
SEAL ROCKS,2423
CRAVEN,2422
MAYERS FLAT,2423
FAILFORD,2430
THE BIGHT,2429
NORTH ARM COVE,2324
BOMBAH POINT,2423
UPPER KARUAH RIVER,2415
WARRANULLA,2423
STRATFORD,2422
RAINBOW FLAT,2430
LANSDOWNE,2430
MONDROOK,2430
KARAAK FLAT,2429
MARYVILLE,2293
WALLSEND,2287
MAYFIELD EAST,2304
MEREWETHER,2291
BERESFIELD,2322
SHORTLAND,2307
TIGHES HILL,2297
CARRINGTON,2294
NEW LAMBTON,2305
SANDGATE,2304
MINMI,2287
ADAMSTOWN,2289
WARABROOK,2304
HEXHAM,2322
BROADMEADOW,2292
LAMBTON,2299
HAMILTON SOUTH,2303
ISLINGTON,2296
NEWCASTLE,2300
NEWCASTLE WEST,2302
FLETCHER,2287
GEORGETOWN,2298
MARYLAND,2287
HAMILTON NORTH,2292
STOCKTON,2295
MAYFIELD WEST,2304
WICKHAM,2293
KOTARA,2289
WARATAH WEST,2298
KOORAGANG,2304
NEW LAMBTON HEIGHTS,2305
JESMOND,2299
MAYFIELD,2304
MAYFIELD NORTH,2304
WARATAH,2298
TARRO,2322
HAMILTON,2303
LENAGHAN,2322
CALLAGHAN,2308
ADAMSTOWN HEIGHTS,2289
NORTH LAMBTON,2299
BIRMINGHAM GARDENS,2287
BAR BEACH,2300
ELERMORE VALE,2287
WOOLLAHRA,2025
PADDINGTON,2021
POINT PIPER,2027
WATSONS BAY,2030
DOUBLE BAY,2028
BELLEVUE HILL,2023
DARLING POINT,2027
EDGECLIFF,2027
FIVE DOCK,2046
CONCORD,2137
ABBOTSFORD,2046
DRUMMOYNE,2047
CONCORD WEST,2138
RODD POINT,2046
RUSSELL LEA,2046
WAREEMBA,2046
CABARITA,2137
MORTLAKE,2137
RHODES,2138
CHISWICK,2046
BREAKFAST POINT,2137
MERRYLANDS WEST,2160
AUBURN,2144
LIDCOMBE,2141
GIRRAWEEN,2145
MERRYLANDS,2160
REGENTS PARK,2143
GUILDFORD,2161
WOODPARK,2164
GUILDFORD WEST,2161
WENTWORTHVILLE,2145
GREYSTANES,2145
SOUTH GRANVILLE,2142
MAYS HILL,2145
WESTMEAD,2145
SOUTH WENTWORTHVILLE,2145
BERALA,2141
PEMULWUY,2145
GRANVILLE,2142
HOLROYD,2142
PENDLE HILL,2145
ROOKWOOD,2141
CHESTER HILL,2162
NORTH RICHMOND,2754
WINDSOR,2756
MULGRAVE,2756
SOUTH WINDSOR,2756
KURRAJONG,2758
WILBERFORCE,2756
BLAXLANDS RIDGE,2758
BLIGH PARK,2756
RICHMOND,2753
MELLONG,2756
CLARENDON,2756
PITT TOWN,2756
YARRAMUNDI,2753
ST ALBANS,2775
COLO HEIGHTS,2756
KURRAJONG HEIGHTS,2758
GLOSSODIA,2756
MOUNTAIN LAGOON,2758
BOWEN MOUNTAIN,2753
MCGRATHS HILL,2756
WINDSOR DOWNS,2756
OAKVILLE,2765
KURMOND,2757
UPPER MACDONALD,2775
HOBARTVILLE,2753
LOWER MACDONALD,2775
UPPER COLO,2756
LEICHHARDT,2040
MARRICKVILLE,2204
ROZELLE,2039
TEMPE,2044
BALMAIN,2041
CAMPERDOWN,2050
NEWTOWN,2042
PETERSHAM,2049
SYDENHAM,2044
DULWICH HILL,2203
ST PETERS,2044
LILYFIELD,2040
STANMORE,2048
ASHFIELD,2131
ANNANDALE,2038
HURLSTONE PARK,2193
LEWISHAM,2049
ENMORE,2042
HABERFIELD,2045
BALMAIN EAST,2041
SUMMER HILL,2130
BIRCHGROVE,2041
ASHBURY,2193
GLEBE,2037
WORROWING HEIGHTS,2540
SOUTH NOWRA,2541
NOWRA,2541
BERRY,2535
ST GEORGES BASIN,2540
ULLADULLA,2539
BURRIER,2540
ORIENT POINT,2540
SUSSEX INLET,2540
BEAUMONT,2577
SANCTUARY POINT,2540
YALWAL,2540
LAKE CONJOLA,2539
CAMBEWARRA VILLAGE,2540
TOMERONG,2540
KINGS POINT,2539
KANGAROO VALLEY,2577
BELLAWONGARAH,2535
BURRILL LAKE,2539
BROUGHTON VALE,2535
PARMA,2540
CALLALA BEACH,2540
BASIN VIEW,2540
UPPER KANGAROO RIVER,2577
NORTH NOWRA,2541
BAWLEY POINT,2539
BERRARA,2540
GREENWELL POINT,2540
WOODHILL,2535
BOMADERRY,2541
NOWRA HILL,2540
YERRIYONG,2540
MOLLYMOOK,2539
MEROO MEADOW,2540
TERARA,2540
VINCENTIA,2540
WOLLUMBOOLA,2540
MYOLA,2540
JASPERS BRUSH,2535
MUNDAMIA,2540
MILTON,2538
CALLALA BAY,2540
WOOLLAMIA,2540
CURRARONG,2540
CULBURRA BEACH,2540
CAMBEWARRA,2540
MOLLYMOOK BEACH,2539
SHOALHAVEN HEADS,2535
EROWAL BAY,2540
HUSKISSON,2540
BUDGONG,2577
CUNJURONG POINT,2539
WATTAMOLLA,2535
BAMARANG,2540
DEPOT BEACH,2536
MOOLLATTOO,2540
TAPITALLEE,2540
BARRENGARRY,2577
DOLPHIN POINT,2539
ILLAROO,2540
BEECROFT PENINSULA,2540
WORRIGEE,2540
PORTERS CREEK,2539
BANGALEE,2541
JERRAWANGALA,2540
SWANHAVEN,2540
FISHERMANS PARADISE,2539
BROWNS MOUNTAIN,2540
LAKE TABOURIE,2539
BUNDEWALLAH,2535
WANDANDIAN,2540
BERRY MOUNTAIN,2535
ETTREMA,2540
HYAMS BEACH,2540
BENDALONG,2539
CUDMIRRAH,2540
LITTLE FOREST,2538
CONJOLA,2539
WEST NOWRA,2541
BREAM BEACH,2540
TALLOWAL,2540
CONJOLA PARK,2539
COOLANGATTA,2535
YATTE YATTAH,2539
WRIGHTS BEACH,2540
ST GEORGE,2622
FAR MEADOW,2535
NARRAWALLEE,2539
YATTE YATTAH,2541
COMERONG ISLAND,2540
WOODBURN,2538
RED ROCKS,2577
TOLWONG,2622
ENGADINE,2233
CARINGBAH,2229
MIRANDA,2228
ILLAWONG,2234
BUNDEENA,2230
BANGOR,2234
BARDEN RIDGE,2234
CRONULLA,2230
KIRRAWEE,2232
MENAI,2234
SYLVANIA,2224
GYMEA BAY,2227
BURRANEER,2230
OYSTER BAY,2225
SANDY POINT,2172
COMO,2226
SUTHERLAND,2232
BONNET BAY,2226
ROYAL NATIONAL PARK,2232
KAREELA,2232
KURNELL,2231
HEATHCOTE,2233
GYMEA,2227
CARINGBAH SOUTH,2229
WATERFALL,2233
LOFTUS,2232
WORONORA DAM,2508
TAREN POINT,2229
LUCAS HEIGHTS,2234
JANNALI,2226
WORONORA,2232
LILLI PILLI,2229
WORONORA HEIGHTS,2233
GRAYS POINT,2232
SYLVANIA WATERS,2224
WOOLOOWARE,2230
YOWIE BAY,2228
ALFORDS POINT,2234
MAIANBAR,2230
YARRAWARRAH,2233
GREENHILLS BEACH,2230
LILYVALE,2508
PORT HACKING,2229
MIDDLE COVE,2068
CHATSWOOD,2067
WILLOUGHBY,2068
NORTHBRIDGE,2063
ROSEVILLE,2069
CASTLE COVE,2069
ARTARMON,2064
CASTLECRAG,2068
NAREMBURN,2065
NORTH WILLOUGHBY,2068
WILLOUGHBY EAST,2068
WOLLONGONG,2500
NORTH WOLLONGONG,2500
FAIRY MEADOW,2519
DAPTO,2530
PORT KEMBLA,2505
WARRAWONG,2502
MARSHALL MOUNT,2530
KEMBLA GRANGE,2526
STANWELL TOPS,2508
UNANDERRA,2526
WONGAWILLI,2530
HAYWARDS BAY,2530
YALLAH,2530
BALGOWNIE,2519
CORRIMAL,2518
CATARACT,2560
STANWELL PARK,2508
CRINGILA,2502
COLEDALE,2515
FIGTREE,2525
BERKELEY,2506
WOONONA,2517
BROWNSVILLE,2530
WEST WOLLONGONG,2500
HELENSBURGH,2508
BELLAMBI,2518
DOMBARTON,2530
DARKES FOREST,2508
CORDEAUX,2526
AVONDALE,2530
WINDANG,2528
CONISTON,2500
KEIRAVILLE,2500
COALCLIFF,2508
KANAHOOKA,2530
AUSTINMER,2515
BULLI,2516
GWYNNEVILLE,2500
MANGERTON,2500
FERNHILL,2519
HORSLEY,2530
TARRAWANNA,2518
MADDENS PLAINS,2508
EAST CORRIMAL,2518
PRIMBEE,2502
AVON,2574
MOUNT OUSLEY,2519
LAKE HEIGHTS,2502
KOONAWARRA,2530
TOWRADGI,2518
WOMBARRA,2515
MOUNT KEMBLA,2526
SPRING HILL,2500
THIRROUL,2515
OTFORD,2508
CORDEAUX HEIGHTS,2526
RUSSELL VALE,2517
KEMBLA HEIGHTS,2526
CLIFTON,2515
MOUNT KEIRA,2500
FARMBOROUGH HEIGHTS,2526
AVON DAM,2574
MOUNT SAINT THOMAS,2500
HUNTLEY,2530
CATARACT,2508
CLEVELAND,2530
PAMBULA BEACH,2549
MERIMBULA,2548
BOURNDA,2548
SOUTH PAMBULA,2549
EDEN,2551
BERMAGUI,2546
WOLUMLA,2550
BEGA,2550
BROADWATER,2549
PAMBULA,2549
CUTTAGEE,2546
TURA BEACH,2548
CATHCART,2632
WALLAGA LAKE,2546
BARRAGGA BAY,2546
TATHRA,2550
WONBOYN,2551
COBARGO,2550
BOYDTOWN,2551
KIAH,2551
MURRAH,2546
TANJA,2550
MOGAREEKA,2550
KALARU,2550
MILLINGANDI,2549
BEMBOKA,2550
WALLAGOOT,2550
WAPENGO,2550
YAMBULLA,2550
CHINNOCK,2550
WYNDHAM,2550
TOWAMBA,2550
QUAAMA,2550
ROCKY HALL,2550
WADBILLIGA,2546
TANTAWANGALO,2550
CANDELO,2550
MIRADOR,2548
GREIGS FLAT,2549
WONBOYN LAKE,2551
NELSON,2550
YELLOW PINCH,2548
BALD HILLS,2549
EDROM,2551
GREENLANDS,2631
GREEN CAPE,2551
BURRAGATE,2550
PERICOE,2550
DOCTOR GEORGE MOUNTAIN,2550
NUNGATTA,2551
BROGO,2550
NETHERCOTE,2549
BERRAMBOOL,2548
YANKEES CREEK,2550
MOUNT DARRAGH,2632
TIMBILLICA,2551
TARRAGANDA,2550
MYRTLE MOUNTAIN,2550
NULLICA,2551
LOCHIEL,2549
WONBOYN NORTH,2551
SOUTH WOLUMLA,2550
BATEHAVEN,2536
ROSEDALE,2536
NORTH BATEMANS BAY,2536
SOUTH DURRAS,2536
TUROSS HEAD,2537
CATALINA,2536
BATEMANS BAY,2536
MOSSY POINT,2537
SUNSHINE BAY,2536
SURFSIDE,2536
MORUYA,2537
RUNNYFORD,2536
BROULEE,2537
NELLIGEN,2536
TOMAKIN,2537
NAROOMA,2546
GUERILLA BAY,2536
LONG BEACH,2536
MOGO,2536
BODALLA,2545
BENANDARAH,2536
CENTRAL TILBA,2546
MYSTERY BAY,2546
LILLI PILLI,2536
CORUNNA,2546
NORTH NAROOMA,2546
DALMENY,2546
MORUYA HEADS,2537
MERRICUMBENE,2622
JEREMADRA,2536
KIANGA,2546
SURF BEACH,2536
MALONEYS BEACH,2536
MALUA BAY,2536
DEUA,2537
BUCKENBOWRA,2536
POTATO POINT,2545
DENHAMS BEACH,2536
TURLINJAH,2537
AKOLELE,2546
BINGIE,2537
CONGO,2537
BERGALIA,2537
NERRIGUNDAH,2545
TILBA TILBA,2546
BELOWRA,2545
DIGNAMS CREEK,2546
COILA,2537
EUROBODALLA,2545
KIORA,2537
ROSEVILLE CHASE,2069
KILLARA,2071
WEST PYMBLE,2073
LINDFIELD,2070
SOUTH TURRAMURRA,2074
PYMBLE,2073
TURRAMURRA,2074
WARRAWEE,2074
NORTH WAHROONGA,2076
ST IVES,2075
GORDON,2072
NORTH TURRAMURRA,2074
EAST KILLARA,2071
EAST LINDFIELD,2070
ST IVES CHASE,2075
FOREST HILL,2651
WAGGA WAGGA,2650
KAPOOKA,2661
EAST WAGGA WAGGA,2650
GUMLY GUMLY,2652
BOMEN,2650
LAKE ALBERT,2650
MOUNT AUSTIN,2650
GLENFIELD PARK,2650
TURVEY PARK,2650
CHARLES STURT UNIVERSITY,2678
BROOKDALE,2656
CURRAWARNA,2650
CARTWRIGHTS HILL,2650
MOORONG,2650
SPRINGVALE,2650
ASHMONT,2650
COLLINGULLIE,2650
URANQUINTY,2652
TATTON,2650
KOORINGAL,2650
ESTELLA,2650
BOURKELANDS,2650
TOLLAND,2650
OURA,2650
NORTH WAGGA WAGGA,2650
LLOYD,2650
KYEAMBA,2650
DOWNSIDE,2650
YARRAGUNDRY,2650
LADYSMITH,2652
SAN ISIDORE,2650
GALORE,2650
TARCUTTA,2652
GREGADOO,2650
BORAMBOLA,2650
WILTON,2571
BARGO,2574
APPIN,2560
BLUE MOUNTAINS NATIONAL PARK,2752
PICTON,2571
TAHMOOR,2573
WARRAGAMBA DAM CATCHMENT,2752
THE OAKS,2570
DOUGLAS PARK,2569
SILVERDALE,2752
OAKDALE,2570
BUXTON,2571
WARRAGAMBA,2752
MENANGLE,2568
NATTAI,2570
PHEASANTS NEST,2574
YERRANDERIE,2787
CAMDEN PARK,2570
BROWNLOW HILL,2570
GLENMORE,2570
THIRLMERE,2572
COURIDJAH,2571
WEROMBI,2570
YANDERRA,2574
WEDDERBURN,2560
MOUNT HUNTER,2570
LAKESLAND,2572
ROSEMEADOW,2560
CAMPBELLTOWN,2560
MACQUARIE LINKS,2565
MACQUARIE FIELDS,2564
GLENFIELD,2167
MINTO,2566
LEUMEAH,2560
ST HELENS PARK,2560
KENTLYN,2560
AIRDS,2560
BARDIA,2565
BRADBURY,2560
CLAYMORE,2559
ST ANDREWS,2566
MENANGLE PARK,2563
RUSE,2560
BOW BOWING,2566
VARROVILLE,2566
BLAIR ATHOL,2560
GLEN ALPINE,2560
AMBARVALE,2560
KEARNS,2558
WOODBINE,2560
RABY,2566
GILEAD,2560
ESCHOL PARK,2558
MINTO HEIGHTS,2566
BLAIRMOUNT,2559
LONG POINT,2564
TONGARRA,2527
TULLIMBAR,2527
OAK FLATS,2529
LAKE ILLAWARRA,2528
ALBION PARK RAIL,2527
MOUNT WARRIGAL,2528
SHELLHARBOUR CITY CENTRE,2529
BARRACK HEIGHTS,2528
DUNMORE,2529
WARILLA,2528
ALBION PARK,2527
BLACKBUTT,2529
CROOM,2527
SHELLHARBOUR,2529
CALDERWOOD,2527
SHELL COVE,2529
MACQUARIE PASS,2577
FLINDERS,2529
BARRACK POINT,2528
TUGGERAH,2259
TACOMA SOUTH,2259
MATCHAM,2250
SPENCER,2775
EMPIRE BAY,2257
LAKE MUNMORAH,2259
CHARMHAVEN,2263
HAWKESBURY RIVER,2083
ERINA,2250
WYONG,2259
LISAROW,2250
FORRESTERS BEACH,2260
GOSFORD,2250
KINCUMBER,2251
LITTLE WOBBY,2256
MAGENTA,2261
WAMBERAL,2260
WOY WOY,2256
WALLARAH,2259
MANGROVE CREEK,2250
GUNDERMAN,2775
NORAH HEAD,2263
MACMASTERS BEACH,2251
OURIMBAH,2258
HOLGATE,2250
SARATOGA,2251
TUMBI UMBI,2261
WADALBA,2259
LONG JETTY,2261
BUDGEWOI,2262
COLONGRA,2259
TERRIGAL,2260
DALEYS POINT,2257
NARARA,2250
YARRAMALONG,2259
LOWER MANGROVE,2250
SPRINGFIELD,2250
COPACABANA,2251
MARDI,2259
ST HUBERTS ISLAND,2257
GREEN POINT,2251
WEST GOSFORD,2250
SOMERSBY,2250
MOUNT ELLIOT,2250
CHEERO POINT,2083
GREENGROVE,2250
TOOWOON BAY,2261
KOOLEWONG,2256
PATONGA,2256
WYOMING,2250
PEARL BEACH,2256
ERINA HEIGHTS,2260
BAR POINT,2083
NIAGARA PARK,2250
BENSVILLE,2251
BERKELEY VALE,2261
WATANOBBI,2259
MOUNT WHITE,2250
KARIONG,2250
WENDOREE PARK,2250
COGRA BAY,2083
HAMLYN TERRACE,2259
YATTALUNGA,2251
BOOKER BAY,2257
KANWAL,2259
CANTON BEACH,2263
TASCOTT,2250
MARLOW,2083
SAN REMO,2262
HALEKULANI,2262
DOYALSON NORTH,2262
BATEAU BAY,2261
CHITTAWAY BAY,2261
UMINA BEACH,2257
CENTRAL MANGROVE,2250
DOYALSON,2262
MOONEY MOONEY CREEK,2250
THE ENTRANCE NORTH,2261
KINCUMBER SOUTH,2251
POINT CLARE,2250
KULNURA,2250
WYONG CREEK,2259
TOUKLEY,2263
WYONGAH,2259
WAGSTAFFE,2257
MOONEY MOONEY,2083
JILLIBY,2259
WOONGARRAH,2259
DAVISTOWN,2251
POINT FREDERICK,2250
KIAR,2259
WOY WOY BAY,2256
TACOMA,2259
PHEGANS BAY,2256
MANNERING PARK,2259
AVOCA BEACH,2251
PICKETTS VALLEY,2251
KILLCARE HEIGHTS,2257
BUFF POINT,2262
NORAVILLE,2263
GWANDALAN,2259
EAST GOSFORD,2250
BLUE HAVEN,2262
SHELLY BEACH,2261
GLENWORTH VALLEY,2250
CEDAR BRUSH CREEK,2259
PRETTY BEACH,2257
KINGFISHER SHORES,2259
KILLCARE,2257
THE ENTRANCE,2261
HALLORAN,2259
SUMMERLAND POINT,2259
TUGGERAWONG,2259
NORTH AVOCA,2260
NORTH GOSFORD,2250
MARLOW CREEK,2083
WARNERVALE,2259
HARDYS BAY,2257
FOUNTAINDALE,2258
HORSFIELD BAY,2256
PALMDALE,2258
KANGY ANGY,2258
DOORALONG,2259
BLACKWALL,2256
CHAIN VALLEY BAY,2259
CALGA,2250
GLENNING VALLEY,2261
MANGROVE MOUNTAIN,2250
MARLOW,2775
UPPER MANGROVE,2250
GOROKAN,2263
PEATS RIDGE,2250
KILLARNEY VALE,2261
ETTALONG BEACH,2257
COLONGRA,2262
SOUTH TACOMA,2259
CHITTAWAY POINT,2261
POINT WOLSTONCROFT,2259
WONDABYNE,2256
ETTALONG,2257
TOORMINA,2452
COFFS HARBOUR,2450
MOONEE BEACH,2450
WOOLGOOLGA,2456
SAPPHIRE BEACH,2450
ARRAWARRA,2456
CORAMBA,2450
SAWTELL,2452
CORINDI BEACH,2456
KORORA,2450
BOAMBEE,2450
NORTH BOAMBEE VALLEY,2450
EMERALD BEACH,2456
BUCCA,2450
BROOKLANA,2450
KARANGI,2450
BONVILLE,2450
RED ROCK,2456
SANDY BEACH,2456
MULLAWAY,2456
NANA GLEN,2450
BOAMBEE EAST,2452
UPPER ORARA,2450
SAFETY BEACH,2456
PENSHURST,2222
HURSTVILLE,2220
LUGARNO,2210
ALLAWAH,2218
OATLEY,2223
NARWEE,2209
PEAKHURST,2210
MORTDALE,2223
RIVERWOOD,2210
CARSS PARK,2221
BLAKEHURST,2221
BEVERLY HILLS,2209
HURSTVILLE GROVE,2220
BEVERLEY PARK,2217
SOUTH HURSTVILLE,2221
CONNELLS POINT,2221
PEAKHURST HEIGHTS,2210
KYLE BAY,2221
RAYMOND TERRACE,2324
TANILBA BAY,2319
TAYLORS BEACH,2316
SALAMANDER BAY,2317
OYSTER COVE,2318
HEATHERBRAE,2324
FERODALE,2318
BOBS FARM,2316
MEDOWIE,2318
LEMON TREE PASSAGE,2319
NELSON BAY,2315
OSTERLEY,2324
SOLDIERS POINT,2317
SHOAL BAY,2315
BOAT HARBOUR,2316
SALT ASH,2318
FERN BAY,2295
ONE MILE,2316
WILLIAMTOWN,2318
MALLABULA,2319
SEAHAM,2324
KARUAH,2324
TOMAGO,2322
BALICKERA,2324
ANNA BAY,2316
FISHERMANS BAY,2316
CORLETTE,2315
SWAN BAY,2324
FINGAL BAY,2315
TILLIGERRY CREEK,2319
WALLALONG,2320
PORT STEPHENS,2317
WOODVILLE,2321
BUTTERWICK,2321
TWELVE MILE CREEK,2324
WILDES MEADOW,2577
MOSS VALE,2577
MITTAGONG,2575
BERRIMA,2577
GOODMANS FORD,2575
BOWRAL,2576
HIGH RANGE,2575
WELBY,2575
MOUNT MURRAY,2577
SUTTON FOREST,2577
BELANGLO,2577
WERAI,2577
BALMORAL,2571
WINGELLO,2579
WILLOW VALE,2575
NEW BERRIMA,2577
EAST KANGALOON,2576
BURRADOO,2576
FITZROY FALLS,2577
EXETER,2579
ROBERTSON,2577
MERYLA,2577
BUNDANOON,2578
RENWICK,2575
MEDWAY,2577
PENROSE,2579
YERRINBOOL,2575
BURRAWANG,2577
GLENQUARRY,2576
LAKE AVON,2575
HILL TOP,2575
WINGECARRIBEE,2577
KANGALOON,2576
BALACLAVA,2575
WOODLANDS,2575
BULLIO,2575
BRAEMAR,2575
PADDYS RIVER,2577
CANYONLEIGH,2577
AVOCA,2577
JOADJA,2575
MOUNT LINDSEY,2575
COLO VALE,2575
AYLMERTON,2575
LEURA,2780
WENTWORTH FALLS,2782
LAWSON,2783
SPRINGWOOD,2777
FAULCONBRIDGE,2776
GLENBROOK,2773
BLACKHEATH,2785
KATOOMBA,2780
MOUNT VICTORIA,2786
MEDLOW BATH,2780
BULLABURRA,2784
MEGALONG VALLEY,2785
HAZELBROOK,2779
WOODFORD,2778
MOUNT WILSON,2786
YELLOW ROCK,2777
WARRIMOO,2774
WINMALEE,2777
VALLEY HEIGHTS,2777
BELL,2786
LINDEN,2778
HAWKESBURY HEIGHTS,2777
BLAXLAND,2774
MOUNT RIVERVIEW,2774
LAPSTONE,2773
SUN VALLEY,2777
MOUNT IRVINE,2786
SYDNEY,2000
ERSKINEVILLE,2043
REDFERN,2016
ALEXANDRIA,2015
DARLINGTON,2008
THE ROCKS,2000
FOREST LODGE,2037
HAYMARKET,2000
WOOLLOOMOOLOO,2011
DARLING HARBOUR,2000
ULTIMO,2007
CHIPPENDALE,2008
MOORE PARK,2021
MILLERS POINT,2000
WATERLOO,2017
DARLINGHURST,2010
POTTS POINT,2011
KINGS CROSS,2011
PYRMONT,2009
DAWES POINT,2000
EVELEIGH,2015
ZETLAND,2017
SURRY HILLS,2010
ELIZABETH BAY,2011
WALSH BAY,2000
DUBBO,2830
BALLIMORE,2830
WELLINGTON,2820
MONTEFIORES,2820
BROCKLEHURST,2830
APSLEY,2820
YARRABIN,2850
WUULUMAN,2820
GEURIE,2818
GEURIE,2831
NORTH YEOVAL,2868
STUART TOWN,2820
GOONOO FOREST,2830
WONGARBON,2831
MOUNT ARTHUR,2820
MOGRIGUY,2830
TOONGI,2830
EUMUNGERIE,2831
MARKS POINT,2280
MORISSET,2264
CHARLESTOWN,2290
ELEEBANA,2282
GATESHEAD,2290
CAVES BEACH,2281
CARDIFF,2285
WYEE POINT,2259
SPEERS POINT,2284
CAMS WHARF,2281
KAHIBAH,2290
BOOLAROO,2284
DORA CREEK,2264
EDGEWORTH,2285
SWANSEA,2281
BARNSLEY,2278
BELMONT,2280
TORONTO,2283
WYEE,2259
PINNY BEACH,2281
TERALBA,2284
WEST WALLSEND,2286
RYHOPE,2283
HILLSBOROUGH,2290
WANGI WANGI,2267
BLACKSMITHS,2281
KILLINGWORTH,2278
MYUNA BAY,2264
WARNERS BAY,2282
BELMONT SOUTH,2280
RATHMINES,2283
BRIGHTWATERS,2264
VALENTINE,2280
GLENDALE,2285
MARTINSVILLE,2265
MANDALONG,2264
KILABEN BAY,2283
WINDERMERE PARK,2264
CARDIFF SOUTH,2285
WAKEFIELD,2278
WHITEBRIDGE,2290
COAL POINT,2283
MOUNT HUTTON,2290
FASSIFERN,2283
MURRAYS BEACH,2281
AWABA,2283
MIRRABOOKA,2264
CAREY BAY,2283
REDHEAD,2290
BONNELLS BAY,2264
JEWELLS,2280
MORISSET PARK,2264
DUDLEY,2290
COORANBONG,2265
HOLMESVILLE,2286
CAMERON PARK,2285
FISHING POINT,2283
WINDALE,2306
BLACKALLS PARK,2283
COCKLE CREEK,2284
ERARING,2264
TINGIRA HEIGHTS,2290
BUTTABA,2283
ARGENTON,2284
SWANSEA HEADS,2281
ARCADIA VALE,2283
BENNETTS GREEN,2290
SUNSHINE,2264
MACQUARIE HILLS,2285
CATHERINE HILL BAY,2281
FLORAVILLE,2280
FENNELL BAY,2283
LAKELANDS,2282
WOODRISING,2284
RANKIN PARK,2287
LITTLE PELICAN,2281
HIGHFIELDS,2289
SEAHAMPTON,2286
BELMONT NORTH,2280
NORDS WHARF,2281
PELICAN,2281
MOONEE,2259
BOORAGUL,2284
CROUDACE BAY,2280
BALCOLYN,2264
MARMONG POINT,2284
GARDEN SUBURB,2289
YARRAWONGA PARK,2264
LAKE MACQUARIE,2284
SILVERWATER,2264
CRANGAN BAY,2259
CARDIFF HEIGHTS,2285
BOLTON POINT,2283
FREEMANS WATERHOLE,2323
BALMORAL,2283
YAMBA,2464
WOOLI,2462
SOUTH GRAFTON,2460
MACLEAN,2463
ILUKA,2466
TYNDALE,2460
GRAFTON,2460
LAWRENCE,2460
HALFWAY CREEK,2460
ILARWILL,2463
PALMERS CHANNEL,2463
GLENREAGH,2450
ASHBY,2463
GLENUGIE,2460
LOWER SOUTHGATE,2460
ULMARRA,2462
PALMERS ISLAND,2463
GULMARRAD,2463
PILLAR VALLEY,2462
MINNIE WATER,2462
CHAELUNDI,2460
DALMORTON,2460
CLARENZA,2460
HARWOOD,2465
ANGOURIE,2464
WOODFORD ISLAND,2463
MICALO ISLAND,2464
MORORO,2469
JUNCTION HILL,2460
CLIFDEN,2460
BROOMS HEAD,2463
TOWNSEND,2463
JACKADGERY,2460
NEWTON BOYD,2370
CHATSWORTH,2469
WATERVIEW HEIGHTS,2460
MARENGO,2453
KANGAROO CREEK,2460
COWPER,2460
BUCCARUMBI,2460
GREAT MARLOW,2460
WARREGAH ISLAND,2469
TUCABIA,2462
COUTTS CROSSING,2460
BLAXLANDS CREEK,2460
WOODY HEAD,2466
KOOLKHAN,2460
GOODWOOD ISLAND,2469
RAMORNIE,2460
TYRINGHAM,2453
SEELANDS,2460
COPMANHURST,2460
HEIFER STATION,2460
WOOMBAH,2469
LAKE HIAWATHA,2462
MOUNT MARSH,2469
MOONPAR,2453
SANDON,2463
CLOUDS CREEK,2453
BILLYS CREEK,2453
EWINGAR,2469
BRUSHGROVE,2460
LIONSVILLE,2460
WANGAINAN ISLAND,2460
CHAMBIGNE,2460
MYLNEFORD,2460
UPPER FINE FLOWER,2460
COOMBADJHA,2460
YURAYGIR,2464
NYMBOIDA,2460
HARWOOD ISLAND,2465
GIBBERAGEE,2469
BARCOONGERE,2460
KENTHURST,2156
MIDDLE DURAL,2158
BAULKHAM HILLS,2153
ANNANGROVE,2156
MARAYLYA,2765
BOX HILL,2765
NORTH KELLYVILLE,2155
BELLA VISTA,2153
NELSON,2765
GLENHAVEN,2156
CARLINGFORD,2118
GABLES,2765
CATTAI,2756
NORWEST,2153
KELLYVILLE,2155
BEAUMONT HILLS,2155
SOUTH MAROOTA,2756
MAROOTA,2756
FRENCHS FOREST,2086
BILGOLA BEACH,2107
BELROSE,2085
AVALON BEACH,2107
MONA VALE,2103
MANLY,2095
DEE WHY,2099
BROOKVALE,2100
PALM BEACH,2108
ELVINA BAY,2105
WARRIEWOOD,2102
NORTH NARRABEEN,2101
FORESTVILLE,2087
COASTERS RETREAT,2108
BALGOWLAH,2093
NARRAWEENA,2099
CROMER,2099
OXFORD FALLS,2100
LOVETT BAY,2105
NORTH CURL CURL,2099
FAIRLIGHT,2094
BILGOLA,2107
NEWPORT,2106
CURL CURL,2096
COLLAROY PLATEAU,2097
NORTH MANLY,2100
ELANORA HEIGHTS,2101
BEACON HILL,2100
FRESHWATER,2096
KILLARNEY HEIGHTS,2087
COTTAGE POINT,2084
NARRABEEN,2101
INGLESIDE,2101
BALGOWLAH HEIGHTS,2093
TERREY HILLS,2084
CLAREVILLE,2107
SEAFORTH,2092
ALLAMBIE HEIGHTS,2100
COLLAROY,2097
BILGOLA PLATEAU,2107
MCCARRS CREEK,2105
SCOTLAND ISLAND,2105
CHURCH POINT,2105
CLONTARF,2093
BAYVIEW,2104
WHEELER HEIGHTS,2097
MORNING BAY,2105
WHALE BEACH,2107
CURRAWONG BEACH,2108
NORTH BALGOWLAH,2093
MANLY VALE,2093
QUEENSCLIFF,2096
GREAT MACKEREL BEACH,2108
DAVIDSON,2085
KU-RING-GAI CHASE,2084
HILL END,2850
MITCHELL,2795
ROBIN HILL,2795
KELSO,2795
MOUNT PANORAMA,2795
GEORGES PLAINS,2795
RAGLAN,2795
SOUTH BATHURST,2795
WATTLE FLAT,2795
WEST BATHURST,2795
PEEL,2795
SUNNY CORNER,2795
ABERCROMBIE RIVER,2795
WALANG,2795
MOUNT RANKIN,2795
WINDRADYNE,2795
NAPOLEON REEF,2795
GORMANS HILL,2795
LLANARTH,2795
CRUDINE,2795
VITTORIA,2799
WINBURNDALE,2795
SOFALA,2795
TALLONG,2579
GOULBURN,2580
BOXERS CREEK,2580
TOWRANG,2580
RUN-O-WATERS,2580
MARULAN,2579
GUNDARY,2580
BAW BAW,2580
YARRA,2580
BRISBANE GROVE,2580
MIDDLE ARM,2580
TIRRANNAVILLE,2580
KINGSDALE,2580
MUMMEL,2580
TARAGO,2580
BUNGONIA,2580
TARLO,2580
TAMWORTH,2340
HILLVUE,2340
WESTDALE,2340
TAMINDA,2340
WEST TAMWORTH,2340
MANILLA,2346
NORTH TAMWORTH,2340
SOUTH TAMWORTH,2340
WATSONS CREEK,2355
CALALA,2340
WONGO CREEK,2346
LINDESAY,2347
THIRLDENE,2347
BARRABA,2347
EAST TAMWORTH,2340
KOOTINGAL,2352
WOOLOMIN,2340
RYDALMERE,2116
NORTHMEAD,2152
WENTWORTH POINT,2127
NORTH PARRAMATTA,2151
DUNDAS VALLEY,2117
NORTH ROCKS,2151
PARRAMATTA,2150
OATLANDS,2117
DUNDAS,2117
CAMELLIA,2142
SILVERWATER,2128
ROSEHILL,2142
CONSTITUTION HILL,2145
SYDNEY OLYMPIC PARK,2127
WINSTON HILLS,2153
CLYDE,2142
ERMINGTON,2115
TELOPEA,2117
HARRIS PARK,2150
OLD TOONGABBIE,2146
NEWINGTON,2127
CANTERBURY,2193
CONDELL PARK,2200
BANKSTOWN,2200
BASS HILL,2197
REVESBY,2212
BELMORE,2192
EARLWOOD,2206
SEFTON,2162
CAMPSIE,2194
LAKEMBA,2195
PICNIC POINT,2213
YAGOONA,2199
MILPERRA,2214
PADSTOW,2211
ROSELANDS,2196
PADSTOW HEIGHTS,2211
BIRRONG,2143
CHULLORA,2190
REVESBY HEIGHTS,2212
MOUNT LEWIS,2190
PUNCHBOWL,2196
GEORGES HALL,2198
POTTS HILL,2143
EAST HILLS,2213
LANSDOWNE,2163
PANANIA,2213
WILEY PARK,2195
CLEMTON PARK,2206
BANKSTOWN AERODROME,2200
MUDGEE,2850
GULGONG,2852
OLINDA,2849
RYLSTONE,2849
TURILL,2850
BOMBIRA,2850
EURUNDEREE,2850
CUDGEGONG,2850
KANDOS,2848
CAERLEON,2850
AARONS PASS,2850
BURRUNDULLA,2850
LEE CREEK,2849
NULLO MOUNTAIN,2849
MONIVAE,2850
MENAH,2850
KELGOOLA,2849
WOLLAR,2850
MOGO,2850
MEBUL,2852
WILBETREE,2850
MURRUMBO,2849
LUE,2850
GROWEE,2849
ULAN,2850
THREDBO,2625
COOMA,2630
KOSCIUSZKO NATIONAL PARK,2627
MICHELAGO,2620
JINDABYNE,2627
PERISHER VALLEY,2624
POLO FLAT,2630
NIMMITABEL,2631
KALKITE,2627
EAST JINDABYNE,2627
GLEN ALLEN,2631
TINDERRY,2620
DELEGATE,2633
MAFFRA,2630
CARLAMINDA,2630
BREDBO,2626
YAOUK,2629
BOMBALA,2632
BURRA,2620
MILA,2632
CHARLOTTE PASS,2624
COUNTEGANY,2630
ANGLERS REACH,2629
BINJURA,2630
BONDI FOREST,2632
BUNYAN,2630
JINDABYNE EAST,2627
DAIRYMANS PLAINS,2630
THREDBO VILLAGE,2625
CRACKENBACK,2627
CRAIGIE,2632
EUCUMBENE,2628
SMIGGIN HOLES,2624
KIANDRA,2630
ADAMINABY,2630
ADAMINABY,2629
NUMERALLA,2630
NORTH HAVEN,2443
KEREWONG,2439
PORT MACQUARIE,2444
SANCROX,2446
CAIRNCROSS,2446
WAUCHOPE,2446
LAURIETON,2443
NORTH SHORE,2444
LAKE CATHIE,2445
LAKE INNES,2446
KEW,2439
BONNY HILLS,2445
THRUMSTER,2444
DUNBOGAN,2443
CAMDEN HEAD,2443
HERONS CREEK,2443
PEMBROOKE,2446
LAKEWOOD,2443
BEECHWOOD,2446
BAGO,2446
HACKS FERRY,2441
HERONS CREEK,2439
KENDALL,2439
WEST HAVEN,2443
FERNBANK CREEK,2444
KINDEE,2446
THE HATCH,2444
GRANTS BEACH,2445
COOPERABUNG,2441
UPPER PAPPINBARRA,2446
BLACKMANS POINT,2444
ROSEWOOD,2446
TELEGRAPH POINT,2441
YIPPIN CREEK,2446
LIMEBURNERS CREEK,2444
BELLANGRY,2446
REDBANK,2446
KING CREEK,2446
CROSSLANDS,2446
JOLLY NOSE,2445
NORTH BROTHER,2443
JERRABOMBERRA,2619
QUEANBEYAN,2620
GOOGONG,2620
KARABAR,2620
QUEANBEYAN WEST,2620
QUEANBEYAN EAST,2620
CAPTAINS FLAT,2623
ROYALLA,2620
CRESTWOOD,2620
BRAIDWOOD,2622
BUNGENDORE,2621
TRALEE,2620
MONGARLOWE,2622
CARWOOLA,2620
ARALUEN,2622
MAJORS CREEK,2622
WAMBOIN,2620
THE RIDGEWAY,2620
MARLOWE,2622
GREENLEIGH,2620
LAKE GEORGE,2581
BYWONG,2621
NERRIGA,2622
MANAR,2622
KRAWARREE,2622
ENVIRONA,2620
BERLANG,2622
NERINGLA,2622
ENFIELD,2136
BEROWRA HEIGHTS,2082
GIRARDS HILL,2480
MILLER,2168
BUSBY,2168
COOKS HILL,2300
THE JUNCTION,2291
MANYANA,2539
BOOROOMA,2650
EAGLE VALE,2558
LAKE HAVEN,2263
KOGARAH BAY,2217
SHEEDYS GULLY,2790
POTTERY ESTATE,2790
RAMSGATE BEACH,2217
HAMILTON EAST,2303
THE HILL,2300
BEACONSFIELD,2015
RUSHCUTTERS BAY,2011
BARANGAROO,2000
NEMINGHA,2340
HOMEBUSH BAY,2127
ROSLYN,2580
TAMBAR SPRINGS,2381
DUNDEE,2370
YARRAWA,2328
GUNGAL,2333
WOMBEYAN CAVES,2580
KALANG,2454
WALLAROO,2618
MCCULLYS GAP,2333
WOODHOUSELEE,2580
KANIMBLA,2790
RANGARI,2380
LOSTOCK,2311
FERNBROOK,2453
GIANTS CREEK,2328
PADDYS RIVER,2653
MANGOOLA,2328
MURRINGO,2586
CARRINGTON FALLS,2577
ROSSGOLE,2336
MANOBALAI,2333
THORA,2454
NEWNES JUNCTION,2790
PEJAR,2583
WYBONG,2333
CROWTHER,2803
OURNIE,2640
WAYO,2580
WELLINGROVE,2370
GLEN MARTIN,2321
DARKWOOD,2454
MATHESON,2370
LAGGAN,2583
WAY WAY,2447
MORTS ESTATE,2790
DEER VALE,2453
BRIERFIELD,2454
DONALD CREEK,2350
DANGARSLEIGH,2350
URIARRA,2611
STATE MINE GULLY,2790
MILBRODALE,2330
PIALLAWAY,2342
HOLLYDEEN,2328
MARTINDALE,2328
SUMMER HILL,2421
CASTLE ROCK,2333
KARS SPRINGS,2337
CURLEWIS,2381
LITTLETON,2790
BENDICK MURRELL,2803
GLENCOE,2365
DARGAN,2786
DORRIGO MOUNTAIN,2453
MUNDEROO,2653
TOMINGLEY,2869
MOUNT MITCHELL,2365
TALLOWWOOD RIDGE,2453
YARROWFORD,2370
SAUMAREZ PONDS,2350
NEW ITALY,2472
HASSANS WALLS,2790
MANTON,2582
DARTBROOK,2336
BURRA,2653
WALLARINGA,2420
ROSE VALLEY,2534
DUMARESQ,2350
CARROLL,2340
MEGAN,2453
CURRAMORE,2533
GLENROY,2653
DIEHARD,2370
BRINDABELLA,2611
COURABYRA,2653
PINDAROI,2361
MILROY,2380
GUNDY,2337
BRINGENBRONG,3707
LAMBS VALLEY,2370
VALERY,2454
MULLALEY,2379
SPICKETTS CREEK,2454
MUSCLE CREEK,2333
DOCTORS GAP,2790
JINGELLIC,2642
EMMAVILLE,2371
MIDDLE BROOK,2337
BAERAMI,2333
SOUTH LITTLETON,2790
GLEN ELGIN,2370
SHADFORTH,2800
LUCKNOW,2800
MILLTHORPE,2798
SPRINGSIDE,2800
SPRING TERRACE,2798
ARCADIA,2159
BERRILEE,2159
FOREST GLEN,2157
GRASSY HEAD,2441
BUNGARRIBEE,2767
BOWMAN FARM,2422
WHOOTA,2428
COMBOYNE,2429
TARBUCK BAY,2428
FAULKLAND,2422
THE BRANCH,2425
JOHNS RIVER,2443
ALLWORTH,2425
UPPER LANSDOWNE,2430
BUNDABAH,2324
CARRINGTON,2324
WASHPOOL,2425
CRAVEN PLATEAU,2422
KIPPAXS,2429
PINDIMAR,2324
TIBBUC,2422
BOWMAN,2422
WOKO,2422
CONEAC,2422
CURRICABARK,2422
COPELAND,2422
TIONA,2428
COBARK,2422
CALLAGHANS CREEK,2422
POINTER MOUNTAIN,2539
LONGREACH,2540
WATERSLEIGH,2540
KINGHORNE,2541
KINGHORNE,2540
BARRINGELLA,2540
WOODSTOCK,2538
KIOLOA,2539
BUANGLA,2540
MOUNT KINGIMAN,2539
KANGAROO POINT,2224
MOUNT PLEASANT,2519
SCARBOROUGH,2515
REEDY SWAMP,2550
BLACK RANGE,2550
COOLAGOLITE,2550
NARRABARBA,2551
GREENDALE,2550
COOLANGUBRA,2550
NADGEE,2551
FROGS HOLLOW,2550
ANGLEDALE,2550
YOWRIE,2550
ORANGEVILLE,2570
RAVENSDALE,2259
PALM GROVE,2258
DURREN DURREN,2259
ALISON,2259
DUNS CREEK,2321
EAGLETON,2324
FULLERTON COVE,2318
MANCHESTER SQUARE,2577
ALPINE,2575
WATTLE RIDGE,2575
MUMBIL,2820
MOOKERAWA,2820
MARYVALE,2820
EUCHAREENA,2866
MOUNT AQUILA,2820
CANGAI,2460
FREEBURN ISLAND,2464
HERNANI,2453
LOWER BORO,2580
OALLEN,2622
WINDELLAMA,2580
LAKE BATHURST,2580
CARRICK,2580
MAYFIELD,2580
QUIALIGO,2580
BRAYTON,2579
WOLLOGORANG,2581
CURRAWANG,2580
MOORE CREEK,2340
DARUKA,2340
TINTINHULL,2352
OXLEY VALE,2340
MOONBI,2353
MEROO,2850
GRATTAI,2850
HARGRAVES,2850
TRIAMBLE,2850
ULLAMALLA,2850
ILFORD,2850
WINDEYER,2850
GALAMBINE,2850
CARCALGONG,2850
RUNNING STREAM,2850
BYLONG,2849
HAVILAH,2850
DABEE,2849
GOOLMA,2852
GREEN GULLY,2850
COXS CREEK,2849
MOUNT KNOWLES,2850
ERUDGERE,2850
COOYAL,2850
UPPER BYLONG,2849
CHARBON,2848
YARRAWONGA,2850
RIVERLEA,2850
BARIGAN,2850
BUCKAROO,2850
MOUNT FROME,2850
TALLAWANG,2852
PYRAMUL,2850
APPLE TREE FLAT,2850
BOCOBLE,2850
MOOLARBEN,2850
WORLDS END,2850
MAITLAND BAR,2850
AVISFORD,2850
BIRRIWA,2844
BOTOBOLAR,2850
MULLAMUDDY,2850
QUEENS PINCH,2850
COPE,2852
BERYL,2852
CLANDULLA,2848
BUMBALONG,2626
THE ANGLE,2620
CLEAR RANGE,2620
WILLIAMSDALE,2620
MOONBAH,2627
DALGETY,2628
BELOKA,2628
DEAUVILLE,2443
YARROW,2620
HOSKINSTOWN,2621
WATTLE PONDS,2330
SEDGEFIELD,2330
MARCHMONT,2582
GOOD HOPE,2582
LOWER BELFORD,2335
INVERGOWRIE,2350
JEIR,2582
BEROWRA CREEK,2082
MOUNT VERNON,2178
ANAMBAH,2320
MOGO CREEK,2775
GROSE VALE,2753
HIGHER MACDONALD,2775
WEBBS CREEK,2775
CENTRAL MACDONALD,2775
WRIGHTS CREEK,2775
WHEENY CREEK,2758
LOWER PORTLAND,2756
CENTRAL COLO,2756
PERRYS CROSSING,2775
COLO,2756
FERNANCES,2775
LEETS VALE,2775
BILPIN,2758
KURRAJONG HILLS,2758
TEN MILE HOLLOW,2250
DOLANS BAY,2229
JELLAT JELLAT,2550
WAMBAN,2537
MERINGO,2537
BIMBIMBIE,2536
MOGENDOURA,2537
WOODLANDS,2536
RAZORBACK,2571
THERESA PARK,2570
MEADOW FLAT,2795
URILA,2620
ROSSI,2621
BUDAWANG,2622
DARLINGTON,2330
HERMITAGE FLAT,2790
GENEVA,2474
SOUTH GUYRA,2365
BOGGABILLA,2409
OBANVALE,2330
MOOBI,2337
YARROWYCK,2358
GREENHILL,2440
FREDERICKTON,2440
CHILCOTTS GRASS,2480
HOWARDS GRASS,2480
BOOERIE CREEK,2480
NORTH PENRITH,2750
NORTH ROTHBURY,2320
RAWORTH,2321
FARLEY,2320
BERRY PARK,2321
WINDELLA,2320
GOSFORTH,2320
GOBBAGOMBALIN,2650
BLUE BAY,2261
FREEMANS,2259
KINGS HILL,2324
RUSHFORTH,2460
JAMES CREEK,2463
EGLINTON,2795
ABERCROMBIE,2795
PERTHVILLE,2795
LAFFING WATERS,2795
LINLEY POINT,2066
CREMORNE POINT,2090
TAMARAMA,2026
JINDERA,2642
GRABBEN GULLEN,2583
NUNDERI,2484
KINVARA,2478
DOLLS POINT,2219
WERRINGTON DOWNS,2747
OXLEY PARK,2760
EAST BRANXTON,2335
KEARSLEY,2325
BELLBIRD HEIGHTS,2325
NEATH,2326
ALLANDALE,2320
MELONBA,2765
NIRIMBA FIELDS,2763
TALLAWONG,2762
AUSTRAL,2171
GLOUCESTER,2423
MEREWETHER HEIGHTS,2291
PADDINGTON,2023
BELLEVUE HILL,2022
CANADA BAY,2046
TENNYSON,2754
OLD EROWAL BAY,2540
BERRINGER LAKE,2539
BEWONG,2540
ENGLORIE PARK,2560
ROCKY POINT,2259
LOWANNA,2450
ARRAWARRA HEADLAND,2456
ULONG,2450
BONVILLE,2441
KOTARA SOUTH,2289
WOOLOWEYAH,2464
DUNDURRABIN,2453
DIGGERS CAMP,2462
SWAN CREEK,2462
EATONSVILLE,2460
MALABUGILMAH,2460
BARYULGIL,2460
HALLSVILLE,2340
WARRAL,2340
SPRING FLAT,2850
PUTTA BUCCA,2850
WESTON,2327
NEWCASTLE EAST,2300
LIBERTY GROVE,2138
DODSWORTH,2620
LYNDHURST,2797
O'CONNELL,2795
FAIRY HILL,2470
NORTH CASINO,2470
MOORBEL,2804
MULLION CREEK,2800
AUBURN VALE,2360
GLEN WILLIAM,2321
BARELLAN,2665
SPRING GROVE,2470
LACMALAC,2720
CONGARINNI,2447
BARMEDMAN,2668
NEWBRIDGE,2795
MENDOORAN,2842
WOMBAT,2587
FOREST REEFS,2798
WINDERA,2800
TALLIMBA,2669
BINNAWAY,2395
BEEMUNNEL,2824
SWAN BAY,2471
NAUGHTONS GAP,2470
GILGAI,2360
CAWONGLA,2474
MUNDONGO,2720
MUMMULGUM,2469
WIRRIMBI,2447
WANTABADGERY,2650
GALONG,2585
BROWNS CREEK,2799
LECONFIELD,2335
BURRUMBUTTOCK,2642
CONARGO,2710
BARRY,2799
HORSE STATION CREEK,2474
MANDURAMA,2792
MULI MULI,2476
UTUNGUN,2447
OLD GREVILLIA,2474
RAND,2642
PALLAMALLAWA,2399
FOSTERTON,2420
ALLGOMERA,2441
CURRABUBULA,2342
MORVEN,2660
SUMMER HILL CREEK,2800
WOOMARGAMA,2644
MIRROOL,2665
TENANDRA,2824
TALARM,2447
DYRAABA,2470
DARBYS FALLS,2793
JOES BOX,2469
DARETON,2717
OWENS GAP,2337
BLACK MOUNTAIN,2365
ETTRICK,2474
TEWINGA,2449
KINGSVALE,2587
BROCKLESBY,2642
WALBUNDRIE,2642
NOWENDOC,2354
PRETTY PINE,2710
ULAMAMBRI,2357
OLD BONALBO,2469
HOMELEIGH,2474
MERUNGLE HILL,2705
DONNELLYVILLE,2447
WEETHALLE,2669
HILLDALE,2420
YASS RIVER,2582
JACKS CREEK,2390
ROUCHEL,2336
WIANGAREE,2474
WALLA WALLA,2659
WARIALDA RAIL,2402
FEDERAL,2480
POSSUM CREEK,2479
BURRINGBAR,2483
KUNGHUR,2484
DUNBIBLE,2484
TYALGUM CREEK,2484
RESERVE CREEK,2484
KIELVALE,2484
FARRANTS HILL,2484
EUROKA,2440
ALDAVILLA,2440
VERGES CREEK,2440
OLD STATION,2440
NIMBIN,2480
BEXHILL,2480
BOAT HARBOUR,2480
TULLERA,2480
WYRALLAH,2480
SOUTH GUNDURIMBA,2480
NULKABA,2325
GRETA MAIN,2325
ELRINGTON,2325
LOUTH PARK,2320
OAKHAMPTON HEIGHTS,2320
MAITLAND VALE,2320
BARRINGTON,2422
KUNDLE KUNDLE,2430
BUNDOOK,2422
STROUD,2425
DYERS CROSSING,2429
FREEMANS REACH,2756
FALLS CREEK,2540
COOPERS GULLY,2550
BELIMBLA PARK,2570
BRANDY HILL,2324
NELSONS PLAINS,2324
TERRAMUNGAMINE,2830
EUMUNGERIE,2822
MINORE,2830
BENI,2830
ASHBY HEIGHTS,2463
ELLAND,2460
SOUTH ARM,2460
LEVENSTRATH,2460
MOUNTAIN VIEW,2460
TALOUMBI,2463
WHITE ROCK,2795
THE LAGOON,2795
TRUNKEY CREEK,2795
KINGSWOOD,2340
PIALLAMORE,2340
HANGING ROCK,2340
NUNDLE,2340
CRAWNEY,2338
KAINS FLAT,2850
BUDGEE BUDGEE,2850
FROG ROCK,2850
ST FILLANS,2850
BUNGABA,2852
TWO MILE FLAT,2852
COOKS GAP,2850
STUBBO,2852
PIAMBONG,2850
COLLINGWOOD,2850
CULLENBONE,2850
STONY CREEK,2850
GUNTAWANG,2852
BERRIDALE,2628
OLD ADAMINABY,2629
BRAEMAR BAY,2628
COOTRALANTRA,2628
CHAKOLA,2630
RAWDON ISLAND,2446
LOGANS CROSSING,2439
FRAZERS CREEK,2446
MIDDLE BROTHER,2443
RED HILL,2824
LITTLE BACK CREEK,2474
GILMORE,2720
MOURQUONG,2739
SUGARLOAF,2420
DAROOBALGIE,2870
BILBUL,2680
CUDGERA CREEK,2484
TUNCESTER,2480
BOLONG,2540
MALDON,2571
BUSHELLS RIDGE,2259
TRENAYR,2460
TOORAWEENAH,2817
UNDERBANK,2420
WIRRAGULLA,2420
CEDAR POINT,2474
BEAN CREEK,2469
SALISBURY,2420
HORSESHOE CREEK,2474
ALLYNBROOK,2311
CARRABOLLA,2311
COLLINS CREEK,2474
TOONUMBAR,2474
TAYLORS ARM,2447
WADEVILLE,2474
EUNGAI CREEK,2441
GREEN PIGEON,2474
WALLENDBEEN,2588
RILEYS HILL,2472
RAPPVILLE,2469
WOOTTON,2423
KRAMBACH,2429
BOORAL,2425
HOLROYD,2160
EBENEZER,2756
RICHMOND LOWLANDS,2753
CORNWALLIS,2756
YADBORO,2539
TERMEIL,2539
MONDAYONG,2540
NUMBAA,2540
MANGOPLAH,2652
EUNANOREENYA,2650
ALFREDTOWN,2650
HINTON,2321
MOUNT TOMAH,2758
TULLYMORGAN,2463
MOLEVILLE CREEK,2460
THE WHITEMAN,2460
SACKVILLE NORTH,2756
DUFFYS FOREST,2084
STEWARTS MOUNT,2795
CHARLEYS FOREST,2622
LOWTHER,2790
STANNUM,2371
BULYEROI,2387
BROOKONG,2656
TORRINGTON,2371
BINGLEBURRA,2311
OAKLANDS,2646
COOKARDINIA,2650
WINGADEE,2829
YORKLEA,2470
DOG ROCKS,2795
MOUNT HARRIS,2824
THULE,2732
LYNCHS CREEK,2474
RED RANGE,2370
WYANGLE,2720
DRAKE,2469
CROOBLE,2400
MARTHAGUY,2824
HOVELLS CREEK,2794
BOGEE,2849
KIACATOO,2877
CURLWAA,2648
ALECTOWN,2870
BEDGERABONG,2871
MULLENGANDRA,2644
TIMOR,2338
WANDSWORTH,2365
TENTERFIELD,2372
MARYLAND,4377
PINNACLE,2810
WIRRIMAH,2803
YATHELLA,2650
WIDGELLI,2680
BOTTLE CREEK,2469
GIRILAMBONE,2831
DAYSDALE,2646
BRUNGLE,2722
MANDAGERY,2870
FIVE WAYS,2873
MERAH NORTH,2388
PIORA,2470
THE MARRA,2831
DALWOOD,2335
MT RIVERS,2311
KOOKABOOKRA,2370
MURRULEBALE,2652
SANDY FLAT,2372
GOONUMBLA,2870
WEST WIANGAREE,2474
ALLEENA,2671
BENEREMBAH,2680
MULLION,2582
WANTIOOL,2663
DELUNGRA,2403
BURROWAY,2821
TOOLOOM,2475
EURONGILLY,2663
URANGELINE EAST,2656
BENTLEY,2480
GARAH,2405
ELLANGOWAN,2470
LEWINSBROOK,2311
SPRINGRANGE,2618
TICHBORNE,2870
WARDS MISTAKE,2350
RUBY CREEK,4380
DOBIES BIGHT,2470
MYALL CREEK,2403
NORTH DORRIGO,2453
GLENELLEN,2642
GURLEY,2398
WINDOWIE,2720
COOKS MYALLS,2870
MCKEES HILL,2480
GLENRIDDING,2330
YARRIE LAKE,2388
GUNNING GAP,2871
COME BY CHANCE,2832
FAWCETTS PLAIN,2474
MARYS MOUNT,2380
FRENCH PARK,2655
WARROO,2871
STANBOROUGH,2360
WARRAGOON,2710
KOREELAH,2476
FIFIELD,2875
BREEZA,2381
BACKMEDE,2470
HOWICK,2330
COREEN,2646
MEMAGONG,2594
WARRAH,2339
RENNIE,2646
RUGBY,2583
BINYA,2665
MERRIWAGGA,2652
EUABALONG,2877
GREENETHORPE,2809
REDDESTONE,2370
ALMA PARK,2659
NORTH STAR,2408
NYMAGEE,2831
MOLLYAN,2842
BOLIVIA,2372
MAYRUNG,2710
GONGOLGON,2839
ROCKY GLEN,2357
NORTH YALGOGRIN,2671
ANGLEDOOL,2834
MILBRULONG,2656
KICKABIL,2830
ARDING,2358
HARTWOOD,2710
ARMATREE,2828
SANDY HILL,2372
MOORWATHA,2640
TOOGONG,2864
ORANGE GROVE,2380
PINE LODGE,2714
BUDDABADAH,2825
LEGUME,2476
WONGWIBINDA,2350
TWIN RIVERS,2410
BROOKFIELD,2420
GULARGAMBONE,2828
BLIGHTY,2713
KINGSTOWN,2358
WOODVIEW,2470
COLLIE,2827
DARLOW,2729
MOLE RIVER,2372
SHANNON VALE,2370
LITTLE BILLABONG,2644
GARRA,2866
KYALITE,2715
ENMORE,2350
SALISBURY PLAINS,2358
MAIMURU,2594
LAKE COWAL,2671
CHERRY TREE HILL,2360
WISEMANS CREEK,2795
DILPURRA,2734
BIDDON,2827
UPPER TAYLORS ARM,2447
KELVIN,2380
SEXTONVILLE,2470
MIDDLE FALBROOK,2330
MONGOGARIE,2470
GODFREYS CREEK,2586
POMONA,2648
TONDERBURINE,2817
MITCHELLS FLAT,2330
THE GLEN,2476
SHANNON BROOK,2470
DALTON,2581
BLUE NOBBY,2408
GOORANGOOLA,2330
FORDS BRIDGE,2840
BIRGANBIGIL,2710
MOUNT COLLINS,2794
MURRAWOMBIE,2825
DHURAGOON,2733
LONG POINT,2330
OLD MILL,2369
NANIMA,2582
URANGELINE,2656
WOODSIDE,2372
COUGAL,2474
OBLEY,2868
MOUNT DAVID,2795
WONDALGA,2729
MULYANDRY,2871
GUMBALIE,2840
MOUNT OLIVE,2330
UPPER HORTON,2347
BOORABEE PARK,2480
LOWESDALE,2646
BANNABY,2580
RANGERS VALLEY,2370
BYROCK,2831
BRIDGMAN,2330
LISTON,2372
YARROWITCH,2354
ABERFOYLE,2350
CAMERONS CREEK,2359
GROGAN,2666
SILENT GROVE,2372
PREMER,2381
BALLYROE,2795
WALLANGRA,2360
DALSWINTON,2328
HOGARTH RANGE,2469
KERI KERI,2711
MORAGO,2710
MYRTLEVILLE,2580
SAVERNAKE,2646
COOLATAI,2402
TANTONAN,2731
ROB ROY,2360
JEMALONG,2871
LOADSTONE,2474
CODRINGTON,2471
SPRING PLAINS,2388
CAROONA,2343
HAMBLEDON HILL,2330
LINDIFFERON,2710
PALLAL,2404
WEEMELAH,2406
GADARA,2720
MALLEE,2738
WOOLNERS ARM,2470
EULAH CREEK,2390
BALFOURS PEAK,2403
BURRABOI,2732
BLAND,2721
EAST CORAKI,2471
OSBORNE,2656
BLUE VALE,2380
COWABBIE,2652
MIRANNIE,2330
LEEVILLE,2470
ROTO,2675
COOLABAH,2831
BERRY JERRY,2701
BIG JACKS CREEK,2339
KENTUCKY SOUTH,2354
NARRABURRA,2666
MOUNT HOPE,2877
BALLDALE,2646
BOOMI,2405
BANGHEET,2404
BULLARAH,2400
SHERWOOD,2474
CRYON,2832
JEWS LAGOON,2397
GREG GREG,2642
UNDERCLIFFE,4380
BULLAGREEN,2824
TALLWOOD,2798
SAUMAREZ,2350
LITTLE JACKS CREEK,2339
GREENRIDGE,2471
WEST BUNGAWALBIN,2471
GIN GIN,2823
BIDGEEMIA,2642
GIRRAL,2669
PLEASANT HILLS,2658
FURRACABAD,2370
YAVEN CREEK,2729
BOEILL CREEK,2739
CANBELEGO,2835
BUKKULLA,2360
FLAT TOPS,2420
BOHENA CREEK,2390
MOUNTAIN CREEK,2644
TENTERDEN,2365
BIELSDOWN HILLS,2453
HOBBYS YARDS,2795
INDI,2642
WANDOOK,2710
OAKWOOD,2360
STANHOPE,2335
TULLOONA,2400
MAIRJIMMY,2716
BOOMEY,2866
BOOROLONG,2350
ELDERSLIE,2335
ROSEBERRY CREEK,2474
WEST CORAKI,2471
RANNOCK,2701
TUBBUL,2594
QUANDIALLA,2721
GOOBARRAGANDRA,2720
WEEDALLION,2594
GAREMA,2871
TERIDGERIE,2829
FARGUNYAH,2656
KENTUCKY,2354
MYRTLE PARK,2713
WILLBRIGGIE,2680
PINE GROVE,2829
POONCARIE,2648
UPPER ROUCHEL,2336
THALGARRAH,2350
WESTBROOK,2330
FAIRHOLME,2877
ARUMPO,2715
TOORANIE,2734
NULLAMANNA,2360
KOOBA,2680
ROCKY RIVER,2469
RAVENSWORTH,2330
UPPER TOOLOOM,2475
MAYBOLE,2365
KAYUGA,2333
DINOGA,2404
WATTLE SPRINGS,2357
ROWENA,2387
GRADYS CREEK,2474
OXLEY,2711
COLINROOBIE,2700
ANABRANCH NORTH,2648
THYRA,2731
ATHOLWOOD,2361
LEADVILLE,2844
RENO,2722
KIKOIRA,2669
BUNDEMAR,2823
MONIA GAP,2675
CAVAN,2582
TUNGLEBUNG,2469
BABINDA,2825
BONSHAW,2361
GOBARRALONG,2727
CLYDESDALE,2330
LITTLE PLAIN,2360
BULLA CREEK,2594
MUNYABLA,2658
BECTRIC,2665
BOOROORBAN,2710
WYNEDEN,2474
WALLANTHERY,2675
CUTTABRI,2388
WEETALIBA,2395
DUNOLLY,2330
PALING YARDS,2580
EDITH,2787
BELLATA,2397
PAYTENS BRIDGE,2871
BOONAL,2409
BOMBOWLEE CREEK,2720
TIMBARRA,2372
PARINGI,2738
WANGANELLA,2710
EREMERANG,2877
SWAN VALE,2370
LOWER DUCK CREEK,2469
GRAMAN,2360
BOREE,2800
WALCHA ROAD,2354
WERMATONG,2720
HALTON,2311
FOREST LAND,2372
BUMBALDRY,2794
JACKSONS FLAT,2469
ECCLESTON,2311
EMERALD HILL,2380
NARADHAN,2669
KERRS CREEK,2800
GUNNINGBLAND,2876
TANNABAR,2357
NYORA,2646
METZ,2350
QUAMBONE,2831
ERIN VALE,2663
APPLETREE FLAT,2330
JENNINGS,4383
TAMBAN,2441
WHIPORIE,2469
MAULES CREEK,2382
MAGOMETON,2829
ELLERSTON,2337
WELLINGTON VALE,2371
MONTEAGLE,2594
NEILREX,2831
WEBBERS CREEK,2421
CLOVASS,2480
BUNNAN,2337
TATHAM,2471
MOUNT RUSSELL,2360
RYE PARK,2586
LLANGOTHLIN,2365
JEREMY,2795
BURREN JUNCTION,2386
RIVERTREE,2372
REIDS FLAT,2586
BOCOBRA,2865
BAAN BAA,2390
WARRAH CREEK,2339
WYLIE CREEK,2372
YANTABULLA,2840
PUCAWAN,2666
MURGA,2864
PINEY RANGE,2810
GRAVESEND,2401
CANONBA,2825
BURRA CREEK,2722
CAMIRA,2469
MUNNI,2420
PARA,2648
GUM FLAT,2360
MOSSGIEL,2878
BUNGAWALBIN,2469
BARKERS VALE,2474
BALD BLAIR,2365
HANLEYS CREEK,2420
PIGEONBAH,2824
DUCKMALOI,2787
EDGEROI,2390
COREE,2710
HONEYBUGLE,2825
MILVALE,2594
GREVILLIA,2474
BROBENAH,2705
NOMBI,2379
AFTERLEE,2474
BIG RIDGE,2330
STANNIFER,2369
GLEN ALICE,2849
SANDY CREEK,2835
BRIBBAREE,2594
PAGES CREEK,2337
BYNG,2800
BRUSHY CREEK,2365
WHITLOW,2404
SPRING MOUNTAIN,2360
TARA,2665
WARRADERRY,2810
COBBORA,2844
BUNNALOO,2731
KIKIAMAH,2594
JONES CREEK,2722
BALD NOB,2370
MOUNT TENANDRA,2828
CULLIVEL,2645
REDLANDS,2646
PULLABOOKA,2810
BUNDELLA,2343
LOGIE BRAE,2713
SANDY GULLY,2729
LOWER DYRAABA,2470
OOMA,2871
MORANGARELL,2666
ASHFORD,2361
TERRACE CREEK,2474
GILGOOMA,2829
DANDRY,2357
TAYLORS FLAT,2586
BREADALBANE,2581
GHOOLENDAADI,2380
KINGSLAND,2370
PINE RIDGE,2343
MOUNT FOSTER,2824
MARINNA,2663
REEDY CREEK,2330
ROCKY RIVER,2372
KUNAMA,2730
COPETON,2360
TRENTHAM CLIFFS,2738
EURIMBLA,2867
BUNDURE,2700
UPPER BINGARA,2404
STUD PARK,2710
BOOROOK,2372
SANDY CREEK,2338
BELLMOUNT FOREST,2581
WYAN,2469
THERESA CREEK,2469
WOODSTOCK,2360
COTTONVALE,4375
UPPER MONGOGARIE,2470
BOGAN,2826
BUNGOWANNAH,2640
GREEN HILLS,2365
GOORIANAWA,2396
TARADALE,2653
LONG PLAIN,2360
THE GULF,2365
MOUNT OLIVE,2787
GANBENANG,2790
TULLAKOOL,2732
WHITE CLIFFS,2836
GUMBLE,2865
THUDDUNGRA,2594
DERRIWONG,2877
GIDGINBUNG,2666
PINE CLUMP,2824
FROGMORE,2586
BOOMANOOMANA,2712
WAVERLY,2337
WILLALA,2382
TOOLOON,2829
GLENELG,2810
NEW VALLEY,2365
WOLLOMOMBI,2350
SHOOTERS HILL,2787
GOODOOGA,2838
ELLERSLIE,2648
HAYSTACK,2469
BLACK HOLLOW,2828
PURLEWAUGH,2357
YARRANBELLA,2447
CALOOLA,2795
BERREMANGRA,2582
PANUARA,2800
CURLEW WATERS,2672
WESTDALE,2653
GOWANG,2357
WARRAH RIDGE,2343
BABYL CREEK,2470
LARRAS LEE,2866
LAMBS VALLEY,2335
CROPPA CREEK,2411
HILLGROVE,2350
MUMBLEBONE PLAIN,2824
BALDRY,2867
BACK CREEK,2372
DANDALOO,2823
LYNDHURST,2350
MABINS WELL,2716
BOWAN PARK,2864
BALDERSLEIGH,2365
ROCKY CREEK,2371
BULLAWA CREEK,2390
YETMAN,2410
SANDIGO,2700
BURNT YARDS,2792
DIRNASEER,2666
KINGS PLAINS,2360
OBAN,2365
KILLIMICAT,2720
GOCUP,2720
BALLADORAN,2831
TOOLIJOOA,2534
BAERAMI CREEK,2333
PUDDLEDOCK,2350
CLERGATE,2800
MERRIGAL,2827
FINDON CREEK,2474
MALLOWA,2400
CAMP CREEK,4385
MINGOOLA,4380
BRUIE PLAINS,2875
SCOTTS CREEK,2338
MULLA,2825
KULWIN,2835
METHUL,2701
PARKVILLE,2337
ARATULA,2714
ROCKY CREEK,2390
STONEHENGE,2370
ALBERT,2873
TOMKI,2470
COBBADAH,2347
WALLEROOBIE,2665
CONIMBIA,2829
BOURBAH,2828
BLACK CREEK,2729
WALLACETOWN,2650
CLARE,2711
UPPER NILE,2849
TUMUT PLAINS,2720
WELAREGANG,2642
BOOMI CREEK,2475
AMOSFIELD,4380
MONAK,2738
WARRUMBUNGLE,2828
GOWAN,2795
JUNEE REEFS,2666
LIMESTONE,2361
NYRANG CREEK,2804
TINDAREY,2835
WILLIGOBUNG,2653
PAN BAN,2648
MARCH,2800
BOORGA,2652
KILGRA,2474
MCMAHONS REEF,2587
BUREEN,2328
TARBAN,2372
MAIN CREEK,2420
SCOTIA,2648
GEORGES CREEK,2365
MIHI,2358
BOAMBOLO,2582
SEBASTOPOL,2666
MIMOSA,2666
GRAHAMSTOWN,2729
TURRAWAN,2390
ROUGHIT,2330
FISHERS HILL,2421
RYAN,2658
NELUNGALOO,2876
BIMBI,2810
GINEROI,2404
BALLADORAN,2822
BRAEFIELD,2339
TUPPAL,2714
MACDONALDS CREEK,2339
NOORONG,2732
OOLONG,2581
GREEN CREEK,2338
KENEBRI,2396
BOONOO BOONOO,2372
MOONAN FLAT,2337
HATFIELD,2715
ERROWANBANG,2791
GOOD FOREST,2790
GHINNI GHI,2474
LITTLE RIVER,2720
KERRIGUNDI,2835
WETUPPA,2734
JUNEE REEFS,2663
TOORAWEENAH,2831
GULF CREEK,2347
BRODIES PLAINS,2360
LINDESAY CREEK,2476
LOWER ACACIA CREEK,2476
FALBROOK,2330
NOONA,2835
CARROWBROOK,2330
TORRYBURN,2421
BORAMBIL,2343
IRON POT CREEK,2474
IRVINGTON,2470
NIEMUR,2733
COOLEYS CREEK,2729
URAWILKIE,2829
UNUMGAR,2474
WILLSONS DOWNFALL,2372
CALIFAT,2729
MUNDARLO,2729
MULLENGUDGERY,2825
COLLERINA,2839
WOOLBROOK,2354
TRUSTUMS HILL,2472
WOLLUN,2354
YANNERGEE,2343
WRATHALL,2642
HOWELL,2360
TUBBAMURRA,2365
NAPIER LANE,2379
ARGALONG,2720
WALDEGRAVE,2800
KELLYS PLAINS,2350
JONES BRIDGE,2720
MINJARY,2720
TARRIARO,2390
TEXAS,4385
BELGRAVIA,2800
KEEPIT,2340
STONY CROSSING,2734
ST CLAIR,2330
BUCKRA BENDINNI,2449
UPPER EDEN CREEK,2474
BINGEEBEEBRA CREEK,2469
RIVERVIEW,2404
ROUND SWAMP,2846
STONEQUARRY,2580
GUNDERBOOKA,2840
BOX RIDGE,2357
TABBIMOBLE,2472
BERTHONG,2594
HARPARARY,2390
TRUNGLEY HALL,2666
CUBBA,2835
COURAGAGO,2720
ANABRANCH SOUTH,2648
CORINELLA,2871
KEERA,2404
CASTLE DOYLE,2350
COOMBELL,2470
BRUNGLE CREEK,2722
UPPER ALLYN,2311
MIAMLEY,2873
CUNNINGAR,2587
BILLEROY,2829
WARRAZAMBIL CREEK,2474
COROBIMILLA,2700
ONE TREE,2711
YALBRAITH,2580
PALMERS OAKY,2795
MURULLA,2337
BANGADANG,2729
WILLURAH,2710
GOOMBARGANA,2646
CULLENDORE,2372
NEBEA,2829
WYLIES FLAT,2330
PARRAWEENA,2339
NUBBA,2587
MACQUARIE MARSHES,2831
KANGAROOBIE,2800
LOWER PEACOCK,2469
DYRRING,2330
BLAND COUNTY,2666
GORGE CREEK,2469
WEAN,2382
DRAKE VILLAGE,2469
FOUR MILE CREEK,2800
SCOTTS FLAT,2330
DAVIS CREEK,2336
YELLOW DAM,2371
MERRILL,2581
GUNBAR,2711
GOSTWYCK,2358
GURRUNDAH,2581
ELSMORE,2360
BULLA,2835
LAVERSTOCK,2582
LEMINGTON,2330
MOUNT ROYAL,2330
RIXS CREEK,2330
STROUD HILL,2420
RUKENVALE,2474
NEWSTEAD,2360
ACACIA CREEK,2476
BOOKOOKOORARA,2372
GUNDAMULDA,2347
ARGOON,2707
STEAM PLAINS,2710
UARBRY,2329
GLENNIES CREEK,2330
COOMOO COOMOO,2343
MERRIWA,2333
BANNISTER,2580
THE RISK,2474
TILBUSTER,2350
EENAWEENA,2824
ROUCHEL BROOK,2336
YARARA,2644
GLENDON,2330
MUNGO,2715
BRIARBROOK,2365
COURADDA,2390
TREWILGA,2869
BELLTREES,2337
FALCONER,2365
PAGANS FLAT,2469
NOWLEY,2386
YALLAROI,2408
BOONA MOUNT,2877
PADDYS FLAT,2469
GILMANDYKE,2795
BASSENDEAN,2365
LILLIAN ROCK,2480
TORRYBURN,2358
MILLIE,2397
GOULDSVILLE,2330
BOWMANS CREEK,2330
GUNGALMAN,2829
BRAWBOY,2337
ELCOMBE,2404
STONY CHUTE,2480
LALALTY,3644
CAPEEN CREEK,2469
MULGUTHRIE,2877
BARRATTA,2710
SAPPHIRE,2360
CAMBRIDGE PLATEAU,2469
BRUMBY PLAINS,2476
COLLY BLUE,2343
LAUREL HILL,2649
MOORILDA,2795
MELBERGEN,2669
AMAROO,2866
STEINBROOK,2372
UPPER HORSESHOE CREEK,2474
MOOLPA,2734
CAMBRA,2420
TALAWANTA,2839
UPPER LACHLAN SHIRE,2583
WANAARING,2840
BACKWATER,2365
KANGIARA,2582
MISSABOTTI,2449
KINGSGATE,2370
ROCKY RIVER,2358
TWENTY FORESTS,2795
LOWER BAGO,2730
TONDERBURINE,2828
COMBARA,2829
ROPERS ROAD,2395
LAKE BREWSTER,2675
WOOLOOMA,2337
BOBADAH,2825
MOOGEM,2371
IRYMPLE,2835
ABINGTON,2350
GLENROCK,2337
BLACK CREEK,2439
HUNGERFORD,2840
BANOON,2347
PINE CAMP,2648
WIDDEN,2328
RICHLANDS,2580
SNAKES PLAIN,2824
BACK CREEK,2390
DRILDOOL,2386
SAWPIT CREEK,2474
BARWANG,2594
MOUNT RIVERS,2311
CLEARFIELD,2469
BARWON,2396
YARRAMAN,2343
YULLUNDRY,2867
DUMARESQ VALLEY,2372
MOUNT HOREB,2729
SIMPKINS CREEK,2469
MAYFIELD,2787
YARRAGRIN,2842
BROADWAY,2581
BROCKLEY,2365
ROSEBERRY,2474
EUNGAI RAIL,2441
BERAWINNIA,2840
CATHUNDRAL,2823
CORRONG,2711
BUMBERRY,2870
FULLERTON,2583
UPPER DUCK CREEK,2469
THE BASIN,2365
BENGALLA,2333
DEEP CREEK,2460
BARRINGUN,2840
MOUNT MARSDEN,2849
GRAGIN,2403
MOORARA,2648
CARROLLS CREEK,2372
PINNACLE,2800
CHATSBURY,2580
EUABALONG WEST,2877
TULLAKOOL,2701
SIX MILE SWAMP,2469
ROCKLEY,2795
OXLEY,2824
SWANBROOK,2360
GLEN NEVIS,2365
SANDILANDS,2469
GALA VALE,2716
SANGER,2646
BELFORD,2330
DUNVILLE LOOP,2849
WANDERA,2360
COMBO,2330
MOURQUONG,2648
TRIDA,2878
RYAN,2656
BOOLCARROLL,2388
BLAKNEY CREEK,2581
CHILCOTTS CREEK,2339
BAKERS CREEK,2447
WESTWOOD,2729
PARADISE,2360
WHEEO,2583
MOONBRIA,2710
PINE CLUMP,2831
BARRY,2340
TOCAL,2421
QUANDA,2828
JERRAWA,2582
BEGGAN BEGGAN,2587
CHARLTON,2795
BUNGULLA,2372
BOMERA,2357
KERRABEE,2328
MOUNT MACKENZIE,2372
WOODSIDE,2375
LADE VALE,2581
BIALA,2581
OMADALE,2337
SHARPS CREEK,2729
DAROOBALGIE,2871
DURI,2344
GIN GIN,2821
YALLAROI,2411
CURRAWEELA,2580
DANGARSLEIGH,2358
MORVEN,2370
PARKESBOURNE,2581
BULLAGREEN,2831
FOUR CORNERS,2716
KYALITE,2734
MOONEM,2472
SOUTH TICHBORNE,2870
WAKOOL,2701
WYANGALA,2586
TANGMANGAROO,2582
GUBBATA,2669
DANDALOO,2821
WINTON,2344
CURRATHOOL,2711
LERIDA,2581
CROOKED CORNER,2583
FIVE WAYS,2825
KOOKABOOKRA,2365
STONY CROSSING,2732
BRUIE PLAINS,2870
MOIRA,2710
NASHUA,2479
BINNA BURRA,2479
HOPKINS CREEK,2484
LIMPINWOOD,2484
CRABBES CREEK,2483
KYNNUMBOON,2484
NORTH ARM,2484
BICKLEY VALE,2570
PEARCES CREEK,2477
ROUS MILL,2477
MAROM CREEK,2480
CABBAGE TREE ISLAND,2430
PEARCES CREEK,2480
PIMLICO ISLAND,2478
SHERWOOD,2440
YARRAHAPINNI,2441
BELMORE RIVER,2440
KINCHELA,2440
TEMAGOG,2440
AUSTRAL EDEN,2440
SEVEN OAKS,2440
TURNERS FLAT,2440
GLADSTONE,2440
JERSEYVILLE,2431
CLYBUCCA,2440
RAINBOW REACH,2440
YESSABAH,2440
POLA CREEK,2440
BELLIMBOPINNI,2440
SKILLION FLAT,2440
CORANGULA,2440
SUMMER ISLAND,2440
MOONEBA,2440
DEEP CREEK,2440
HICKEYS CREEK,2440
TREGEAGLE,2480
LEYCESTER,2480
RUTHVEN,2480
KILGIN,2472
BLUE KNOB,2480
TUCKI TUCKI,2480
ROCK VALLEY,2480
THE CHANNON,2480
TERANIA CREEK,2480
KOONORIGAN,2480
LINDENDALE,2480
NUMULGI,2480
WOODLAWN,2480
BUCKENDOON,2472
COFFEE CAMP,2480
KEERRONG,2480
MOUNTAIN TOP,2480
FERNSIDE,2480
DUNGARUBBA,2480
LAGOON GRASS,2480
GEORGICA,2480
BUNGABBEE,2480
NORTH WOODBURN,2471
MELVILLE,2320
PHOENIX PARK,2321
MILLERS FOREST,2324
LUSKINTYRE,2321
DUCKENFIELD,2321
OSWALD,2321
WINDERMERE,2321
PITNACREE,2323
ROSEBROOK,2320
MINDARIBBA,2320
HILLSBOROUGH,2320
PHOENIX PARK,2320
MOUNT DEE,2320
PITNACREE,2320
BUCCA WAUKA,2429
WHERROL FLAT,2429
KOORAINGHAT,2430
HANNAM VALE,2443
CAFFREYS FLAT,2424
CEDAR PARTY,2429
CELLS RIVER,2424
MOTO,2426
BELBORA,2422
FIREFLY,2429
GHINNI GHINNI,2430
DOLLYS FLAT,2429
POSSUM BRUSH,2430
DUMARESQ ISLAND,2430
KIA ORA,2422
STEWARTS RIVER,2443
ROOKHURST,2422
MELINGA,2430
CUNDLE FLAT,2424
GLENTHORNE,2430
MARLEE,2429
BURRELL CREEK,2429
KILLAWARRA,2429
HILLVILLE,2430
BOBIN,2429
LANGLEY VALE,2426
WALLANBAH,2422
MOPPY,2422
MOORAL CREEK,2429
BAKERS CREEK,2422
BINDERA,2422
BUNYAH,2429
CAPARRA,2429
KIMBRIKI,2429
INVERGORDON,2422
LANSDOWNE FOREST,2430
WAITUI,2443
TUGRABAKH,2422
JONES ISLAND,2430
KUNDIBAKH,2429
DEWITT,2422
TITAATEE CREEK,2422
BERRICO,2422
GIRO,2422
BRETTI,2422
BACK CREEK,2422
BULLIAC,2422
KHATAMBUHL,2429
GANGAT,2422
GLEN WARD,2422
STRATHCEDAR,2429
TIPPERARY,2429
KNORRIT FLAT,2424
BULGA FOREST,2429
MARES RUN,2422
MOGRANI,2422
TIRI,2424
TOMALLA,2422
RAWDON VALE,2422
BARRINGTON TOPS,2422
MOUNT GEORGE,2429
EAST KURRAJONG,2758
GROSE WOLD,2753
SACKVILLE,2756
PYREE,2540
BROOMAN,2538
CROOBYAR,2539
MAYFIELD,2540
BRUNDEE,2540
MORTON,2538
BROUGHTON,2535
BACK FOREST,2535
COMBERTON,2540
MOGOOD,2538
EAST LYNNE,2536
TULLARWALLA,2540
BUCKAJO,2550
KANOONA,2550
STONY CREEK,2550
NUMBUGGA,2550
KAMERUKA,2550
VERONA,2550
WANDELLA,2550
TOOTHDALE,2550
MORANS CROSSING,2550
MOGILLA,2550
NEW BUILDINGS,2550
DEUA RIVER VALLEY,2537
CURROWAN,2536
MURRENGENBURG,2622
CADGEE,2545
TINPOT,2546
BOOK BOOK,2650
BELFRAYDEN,2650
OBERNE CREEK,2650
PULLETOP,2650
ROWAN,2650
HILLGROVE,2650
BIG SPRINGS,2650
THE GAP,2650
MAXWELL,2650
BRUCEDALE,2650
EUBERTA,2650
BURRANDANA,2650
BULGARY,2650
GELSTON PARK,2650
MOWBRAY PARK,2571
LITTLE JILLIBY,2259
LEMON TREE,2259
EAST SEAHAM,2324
DUNNS CREEK,2321
PONTO,2818
ARTHURVILLE,2820
SPICERS CREEK,2820
BOURNEWOOD,2868
BENOLONG,2818
BODANGORA,2820
WAMBANGALANG,2830
TWELVE MILE,2850
DRIPSTONE,2820
GOLLAN,2820
CUNDUMBUL,2866
CURRA CREEK,2820
SUNTOP,2820
COMOBELLA,2820
WALMER,2820
BAKERS SWAMP,2820
NEUREA,2820
WESTELLA,2831
RAWSONVILLE,2830
TERRABELLA,2818
FARNHAM,2820
TERRABELLA,2831
YARRAGAL,2820
CALLIOPE,2462
BRAUNSTONE,2460
COLDSTREAM,2462
SOUTHGATE,2460
CARRS CREEK,2460
ASHBY ISLAND,2463
WATERVIEW,2460
GILLETTS RIDGE,2462
UPPER COPMANHURST,2460
CARNHAM,2460
SHARK CREEK,2463
ALUMY CREEK,2460
LILYDALE,2460
ALICE,2469
WINEGROVE,2460
SOUTHAMPTON,2460
CARRS ISLAND,2460
CARRS PENINSULA,2460
BULLDOG,2469
LAVADIA,2462
LOUISA CREEK,2469
MOOKIMA WYBRA,2469
KEYBARBIN,2469
SHANNONDALE,2460
ROCK FOREST,2795
EVANS PLAINS,2795
FITZGERALDS MOUNT,2799
LIMEKILNS,2795
BATHAMPTON,2795
LOCKSLEY,2795
CLEAR CREEK,2795
TURONDALE,2795
BREWONGLE,2795
COW FLAT,2795
TANNAS MOUNT,2795
ORTON PARK,2795
COPPERHANNIA,2795
FOSTERS VALLEY,2795
KILLONGBUTTA,2795
PALING YARDS,2795
FREEMANTLE,2795
DURAMANA,2795
ARKELL,2795
WIMBLEDON,2795
WAMBOOL,2795
SALLYS FLAT,2850
GLANMIRE,2795
YETHOLME,2795
TAMBAROORA,2850
DUNKELD,2795
BILLYWILLINGA,2795
THE ROCKS,2795
WATTON,2795
ROCKLEY MOUNT,2795
UPPER TURON,2795
COLO,2795
FOREST GROVE,2795
GEMALLA,2795
WIAGDON,2795
KIRKCONNELL,2795
MILLAH MURRAH,2795
BRUINBUN,2795
FITZGERALDS VALLEY,2795
MILKERS FLAT,2795
FITZGERALDS MOUNT,2795
YARRAS,2795
CURRAGH,2795
PARKESBOURNE,2580
POMEROY,2580
MUMMELL,2580
MULLA CREEK,2352
KLORI,2346
ATTUNGA,2345
UPPER MANILLA,2346
GARTHOWEN,2345
GOWRIE,2340
RUSHES CREEK,2346
WOODSREEF,2347
LIMBRI,2352
BENDEMEER,2355
LOOMBERAH,2340
BORAH CREEK,2346
HALLS CREEK,2346
OGUNBIL,2340
WIMBORNE,2346
NEW MEXICO,2346
RETREAT,2355
DUNGOWAN,2340
GAROO,2340
WARRABAH,2346
WEABONGA,2340
SOMERTON,2340
BECTIVE,2340
LONGARM,2347
IRONBARK,2347
DUNCANS CREEK,2340
GIDLEY,2340
TIMBUMBURI,2340
NAMOI RIVER,2346
BITHRAMERE,2340
RED HILL,2347
BOWLING ALLEY POINT,2340
WALLAMORE,2340
APPLEBY,2340
MAYVALE,2347
GOONOO GOONOO,2340
BALALA,2358
GINGHI,2849
CAMBOON,2849
BARA,2850
LINBURN,2850
TOTNES VALLEY,2850
HOME RULE,2850
CUMBANDRY,2852
PYANGLE,2849
CARWELL,2849
HAYES GAP,2850
UPPER GROWEE,2849
MEROTHERIE,2852
BUDDEN,2849
CUMBO,2850
BROGANS CREEK,2848
COXS CROWN,2849
PINNACLE SWAMP,2849
WILPINJONG,2850
COGGAN,2849
BREAKFAST CREEK,2849
CANADIAN LEAD,2850
DUNGEREE,2849
MUNGHORN,2850
MILROY,2850
BARNEYS REEF,2852
TICHULAR,2850
CROSS ROADS,2850
ROSE VALLEY,2630
ANEMBO,2621
ROCKY PLAIN,2628
SHANNONS FLAT,2630
BUNGARBY,2630
ROCK FLAT,2630
JERANGLE,2630
GLEN FERGUS,2630
BUCKENDERRA,2630
DRY PLAIN,2630
KYBEYAN,2631
WINIFRED,2631
FRYING PAN,2630
WAMBROOK,2630
PEAK VIEW,2630
COLINTON,2626
PADDYS FLAT,2632
PAUPONG,2628
SPRINGFIELD,2630
GUNNINGRAH,2632
JINGERA,2622
MURRUMBUCCA,2630
STEEPLE FLAT,2631
MERRIANGAAH,2632
COOLRINGDON,2630
ANDO,2631
CREEWAH,2631
BOBUNDARA,2630
CORROWONG,2633
ROCKTON,2632
AVONSIDE,2628
MIDDLE FLAT,2630
CAMBALONG,2632
BOLARO,2629
NUMBLA VALE,2628
TUROSS,2630
LORDS HILL,2632
BUKALONG,2632
HILL TOP,2628
INGEBIRAH,2627
JINCUMBILLY,2631
TOMBONG,2633
JIMENBUEN,2628
DANGELONG,2630
BADJA,2630
NIMMO,2628
MILA,2631
PALARANG,2632
COOLUMBOOKA,2632
MIDDLINGBANK,2630
GROSSES PLAIN,2627
RHINE FALLS,2630
IRONMUNGY,2630
THE BROTHERS,2630
BOCO,2631
MOUNT COOPER,2631
PROVIDENCE PORTAL,2629
QUIDONG,2632
SNOWY PLAIN,2628
ROSEMEATH,2632
YAUOK,2629
ARABLE,2630
BILLILINGRA,2630
PAUPONG,2627
PINE VALLEY,2630
BIBBENLUKE,2632
CAMBALONG,2630
STEEPLE FLAT,2630
HOLTS FLAT,2631
MYALLA,2630
BATAR CREEK,2439
LORNE,2439
RIVERSIDE,2444
INNES VIEW,2429
UPSALLS CREEK,2439
UPPER ROLLANDS PLAINS,2441
PIPECLAY,2446
ROLLANDS PLAINS,2441
MORTONS CREEK,2446
HOLLISDALE,2446
BALLENGARRA,2441
BROMBIN,2446
LOWER PAPPINBARRA,2446
BOBS CREEK,2439
ROSSGLEN,2439
GUM SCRUB,2441
HUNTINGDON,2446
BOORGANNA,2429
LONG FLAT,2446
DIAMOND HEAD,2443
ELLENBOROUGH,2446
LARBERT,2622
FORBES CREEK,2621
MOUNT FAIRY,2580
BACK CREEK,2622
REIDSDALE,2622
JEMBAICUMBENE,2622
HAROLDS CROSS,2622
MULLOON,2622
DURRAN DURRA,2622
TOMBOYE,2622
WOG WOG,2622
BORO,2622
HEREFORD HALL,2622
WARRI,2622
BOMBAY,2622
BENDOURA,2622
PRIMROSE VALLEY,2621
WYANBENE,2622
JERRABATTGULLA,2622
SNOWBALL,2622
MONGA,2622
JINDEN,2622
BALLALABA,2622
CORANG,2622
KINDERVALE,2622
FARRINGDON,2622
NORTHANGERA,2622
PALERANG,2622
MAYFIELD,2622
CULLERIN,2581
BEVENDALE,2581
PEELWOOD,2583
THUMB CREEK,2447
GOLSPIE,2580
NARRAWA,2583
BURRAPINE,2447
LOST RIVER,2583
BINDA,2583
BIG HILL,2579
LIMERICK,2583
HYDES CREEK,2454
BREADALBANE,2583
BAKERS CREEK,2359
INVERGOWRIE,2358
GURRUNDA,2581
WIRRABA,2849
UPPER COOPERS CREEK,2482
STOKERS SIDING,2484
FERNVALE,2484
COMMISSIONERS CREEK,2484
KUNGHUR CREEK,2484
MOUNT BURRELL,2484
DUROBY,2486
CRYSTAL CREEK,2484
NOBBYS CREEK,2484
ROWLANDS CREEK,2484
PUMPENBIL,2484
WARDROP VALLEY,2484
CHOWAN CREEK,2484
BRAYS CREEK,2484
CAROOL,2486
BACK CREEK,2484
PALMVALE,2484
MUNGAY CREEK,2440
TOOROOKA,2440
MILLBANK,2440
WILLAWARRIN,2440
BURNT BRIDGE,2440
BLACKHILL,2322
CEDAR CREEK,2325
KEINBAH,2320
BUCKETTY,2325
BISHOPS BRIDGE,2326
ABERNETHY,2325
MOUNT VIEW,2325
LOVEDALE,2325
CONGEWAI,2325
PELTON,2325
BUCKETTY,2250
FERNANCES CROSSING,2325
SWEETMANS CREEK,2325
BUTTAI,2323
MURRAYS RUN,2325
BIG YENGO,2330
TOPI TOPI,2423
CRAWFORD RIVER,2423
STROUD ROAD,2415
GIRVAN,2425
WARDS RIVER,2422
MONKERAI,2415
NOOROO,2415
LIMEBURNERS CREEK,2324
MISCELLANEOUS AREAS,2428
TERREEL,2422
WILLINA,2423
UPPER MYALL,2423
MARKWELL,2423
WARRANULLA,2422
WEISMANTELS,2415
TAHLEE,2324
PH HEWONG,2415
PH BULAHDELAH,2423
PH STROUD,2425
PH BACHELOR,2423
BERAMBING,2758
CUMBERLAND REACH,2756
PITT TOWN BOTTOMS,2756
TIANJARA,2622
SASSAFRAS,2622
PEBBLY BEACH,2536
QUIERA,2622
BUDAWANG,2536
COCKWHY,2539
COOLUMBURRA,2622
BOOLIJAH,2540
NOWRA HILL,2541
TOUGA,2622
DEVILS HOLE,2550
WOG WOG,2551
WOLLONDILLY,2575
UPPER CORINDI,2456
DIRTY CREEK,2456
BUNDAGEN,2441
BUNDAGEN,2454
CAMPVALE,2318
MANDEMAR,2575
KREMNOS,2460
FORTIS CREEK,2460
SHERWOOD,2450
FINE FLOWER,2460
WELLS CROSSING,2460
LANITZA,2460
THE PINNACLES,2460
COALDALE,2460
BARRETTS CREEK,2460
KUNGALA,2460
GURRANANG,2460
BANYABBA,2460
STOCKYARD CREEK,2460
CALAMIA,2460
WHITEMAN CREEK,2460
JACKY BULBIN FLAT,2463
WARRAGAI CREEK,2460
PUNCHBOWL,2460
DILKOON,2460
SANDY CROSSING,2460
WOMBAT CREEK,2460
SMITHS CREEK,2460
NEWBOLD,2460
COONGBAR,2469
BOM BOM,2460
KYARRAN,2460
EIGHTEEN MILE,2460
THE FRESHWATER,2466
PULGANBAR,2460
PIKAPENE,2469
DUMBUDGERY,2460
COLLUM COLLUM,2460
BAGNOO,2446
HYNDMANS CREEK,2446
BYABARRA,2446
TOMS CREEK,2446
MARLO MERRICAN,2441
YARRAS,2446
MOUNT SEAVIEW,2446
PAPPINBARRA,2446
FORBES RIVER,2446
DEBENHAM,2446
BIRDWOOD,2446
HARTYS PLAINS,2446
GEARYS FLAT,2446
FORDWICH,2330
SATUR,2337
ANGUS,2765
THE SLOPES,2754
SCHEYVILLE,2756
SUNSET STRIP,2879
BOGGABILLA,2400
MURRIN BRIDGE,2672
LAKE HUME VILLAGE,2640
PURFLEET,2430
DURRAS NORTH,2536